Date,Momentum,Volatility,Value,Quality,Market,Residual
2023-01-03,-0.00020666609582009227,0.001985941842004658,-7.332796739399421e-07,-0.0005819725956010178,0.00192892762485819,0.0012024720940594404
2023-01-04,-0.0006107931985688328,0.007012580731517275,-0.0002612219238101613,0.0003771026550584626,-0.008470141862170655,-0.0011465220468884745
2023-01-05,-0.0001510440127315816,0.008144945071712942,-8.402076372242181e-05,-0.00031172945751511256,-0.011285581151453283,-0.0001960401879707752
2023-01-06,-0.00012181885665521937,0.010040696364391245,0.00022342959744862825,-0.0003874327823998445,-0.018661084856899435,-0.004619053134642631
2023-01-09,0.00012469288335157535,0.010106752945120487,-0.0003329645316569323,-0.001081789015289827,-0.005124833148409169,-0.00816246354896534
2023-01-10,0.00018600548193272042,0.009347055588046011,-0.0008273267913705036,-0.0013586284457033058,-0.01545833789936768,-0.009746217456977138
2023-01-11,0.00040800028355679783,0.009983111121050497,-0.0011922798598734527,-0.0012033314638846483,-0.016488315401658626,-0.009696861853093012
2023-01-12,0.00041430142936459065,0.01197007732990819,-0.0015320946565331418,-0.0009363003964171706,-0.018583790942547807,-0.007622315189722529
2023-01-13,0.00020805509151295407,0.012281036549293033,-0.0016026927025712852,-0.0006456491200384344,-0.01307369502415956,-0.009829332618952372
2023-01-16,0.00044930808876926065,0.013158311100280191,-0.001964823844461251,-0.0010367140925650502,-0.01651254209672892,-0.007719905254859199
2023-01-17,0.0002533627342452538,0.016973189725043296,-0.002098417880736932,-0.0017647905747734734,-0.00765797358490472,-0.01449221187458741
2023-01-18,0.00061048506475621,0.015728552115031283,-0.001955817030953557,-0.002361947452916019,-0.0014514172613446785,-0.012283346565484389
2023-01-19,0.0011984945942842343,0.014880936681119726,-0.0024566305797081404,-0.0037921024068160074,-0.004616784360600756,-0.012154487283868882
2023-01-20,0.0015655368622118125,0.0136231654846903,-0.0025446465153282512,-0.0031923364877644283,-0.00904575966578991,-0.0088167275092342
2023-01-23,0.0017006226277029577,0.015464114509559484,-0.002974706323244427,-0.0049763492971917535,-0.004003483570161115,-0.012081282380840806
2023-01-24,0.0017595239421907673,0.01683759649322616,-0.0026313541726550945,-0.004929274103072397,-0.004017281583204135,-0.01463636207035664
2023-01-25,0.0016814478495343103,0.021385444911366347,-0.0032779926118555558,-0.004280627434566444,-0.016510261208216415,-0.016475329600734834
2023-01-27,0.002601551565999026,0.03556209224951127,-0.0034347027567843223,-0.0027388221458061034,-0.03258450811439517,-0.022045521158683374
2023-01-30,0.0018730716112012771,0.03729621528531238,-0.004081520859512576,0.00044614359287636343,-0.03005106550704939,-0.023641458806906067
2023-01-31,0.002635404545169969,0.03102051492721169,-0.003831225189176959,0.001029928127314493,-0.0293030792268818,-0.01596793607164565
2023-02-01,0.003783664187931352,0.04896903291405811,-0.003738787823824402,0.0026225251191152286,-0.031899003752546395,-0.029282015344461246
2023-02-02,0.004640136919581455,0.06055940408412154,-0.004126993614088412,0.0026736764633096747,-0.03223394300558635,-0.035184894778524184
2023-02-03,0.004314868462167465,0.05841353255790568,-0.0037288895459268146,0.003547512955693507,-0.018398346697696133,-0.03023490095675014
2023-02-06,0.004183128229008698,0.055534106487923604,-0.0038641246776422574,0.003233046270621977,-0.02340847985856631,-0.026078792184955835
2023-02-07,0.0034783711385530415,0.04972986522774651,-0.0032017052504943987,0.003193595249737058,-0.025834631323992774,-0.020890644261286333
2023-02-08,0.0031658876453197443,0.03872553663974251,-0.0030928303860726894,0.00366816595623128,-0.01735909489931098,-0.008783671395982226
2023-02-09,0.0036099227473588916,0.039122612954415964,-0.0029904850997404366,0.003401268243057325,-0.01614208695094632,-0.011509284070408863
2023-02-10,0.0036103325313084672,0.042148081150341896,-0.002783993105896852,0.0032383828470278937,-0.018207044818950968,-0.013232462034266083
2023-02-13,0.0036691880947513945,0.04771057123313634,-0.002569552849093131,0.0036371156710966568,-0.023000795518976158,-0.014726746192582576
2023-02-14,0.0035307960813059916,0.04792226679404941,-0.0027564811090321282,0.0040161881248040885,-0.014056441813980358,-0.018554803963301017
2023-02-15,0.003697952779445813,0.047175104068595854,-0.003291785110538906,0.0027751042954609877,-0.009259971019544233,-0.01771336706412844
2023-02-16,0.003988635013607606,0.04352709446935929,-0.0032202866239076627,0.0009271444729562668,-0.008149837418651273,-0.012287513198591192
2023-02-17,0.004264025844415078,0.04431030458614081,-0.002901123289012192,0.000596038939884709,-0.01323140510800258,-0.012532706157748858
2023-02-20,0.0049982716821843935,0.0434841747036882,-0.002852962737916267,0.00019569690074895001,-0.018781923588143346,-0.00883844774463696
2023-02-21,0.0050612327217187105,0.04466479480143804,-0.002644590298950199,0.001674384587769235,-0.019785050081135402,-0.014128112619969387
2023-02-22,0.005561344300042792,0.04926334059338805,-0.0026862855011007027,0.0003348827796912418,-0.035065413212718055,-0.014686840904149468
2023-02-23,0.005967828245751688,0.047491428369364756,-0.003164838613758275,-0.00017520584601470512,-0.037517848190702696,-0.011670297942482862
2023-02-24,0.005890305015609207,0.048849388190527546,-0.0029739347066049427,-0.00034311100741294255,-0.04011327791445174,-0.012585904026609415
2023-02-27,0.0058281598129074075,0.051564099489675844,-0.0031109119329708204,2.053094185863188e-05,-0.04429868936025705,-0.015410485957736792
2023-02-28,0.005188488220045962,0.04767792927300237,-0.002967060833940102,-0.00012173160680630014,-0.04940140509654278,-0.012999922233229662
2023-03-01,0.004846282016451519,0.04026716824100937,-0.0028835542718017673,-0.0010221413442118375,-0.04090905632590669,-0.005860237642136919
2023-03-02,0.004756305437592871,0.03705963494254871,-0.002913633824958394,-0.0009319168465198257,-0.048301225045711105,0.00014712874477644695
2023-03-03,0.003916933418916005,0.031090067986819295,-0.00265079819482694,-0.00028186241292496854,-0.03257262641588321,0.003104182931810258
2023-03-06,0.0038167284444156984,0.028511714525753566,-0.002813580542852377,-3.02266316470868e-07,-0.025917102797516245,0.0021162183042252466
2023-03-08,0.0038761936372245045,0.02525049428040828,-0.0022395147379255047,0.000738488473942788,-0.023492051558370308,0.0038302323910817033
2023-03-09,0.004156581779848329,0.025168854992031964,-0.001566927267475214,-0.000664865867787,-0.03277430145834559,0.006392640634856358
2023-03-10,0.004430333247776303,0.026455467628401952,-0.0018484396557484342,2.937563782866488e-05,-0.042819966093930684,0.010663544847885918
2023-03-13,0.004937118676659003,0.029702460354810722,-0.002694888016689906,-0.0015297802046200567,-0.05767100202555686,0.010933880480012259
2023-03-14,0.005184514735255581,0.03219787110680696,-0.002506805446439921,-0.0022545915977535925,-0.06414168255141806,0.012953456362887337
2023-03-15,0.004777413128215421,0.02996845081299905,-0.0024409609113289943,-0.0024476800071599465,-0.06831636629010296,0.017280097194399574
2023-03-16,0.0048900499986318045,0.032551154170403024,-0.0023129394848407066,-0.00223308816111367,-0.06752393760897202,0.017150764138553803
2023-03-17,0.0048873289876063975,0.0292240152800618,-0.0019067413113252286,-0.0020450344372291212,-0.06078580798699318,0.02031617204317409
2023-03-20,0.004925127164205021,0.03489805504914946,-0.0016605082094145389,-0.0023481860613837665,-0.06731505120698544,0.01887052076322871
2023-03-21,0.004606779628761269,0.03316451312866141,-0.0009021801293127233,-0.0025315295434601252,-0.060304408260241416,0.017314242354099785
2023-03-22,0.0044725659660476156,0.03509528503841761,-0.0009817751518695521,-0.0016228139309680798,-0.057709032511300884,0.017161817856055306
2023-03-23,0.004647515692809142,0.03516317772356109,-0.0011575575627833627,-0.00116931642490166,-0.06208172581594451,0.02108861488245306
2023-03-24,0.00470614121307586,0.040425647994945364,-0.0012334575279338642,-0.001633621278205249,-0.0698026591445352,0.019876205216284634
2023-03-27,0.004618722463754582,0.04198257798775353,-0.0011626638099802855,-0.0012796147598165648,-0.06740382080378626,0.0192596081758093
2023-03-28,0.004661746841426216,0.04603940942835857,-0.0009475788854211032,-0.0007072842383289641,-0.06940550466514117,0.01527136864880545
2023-03-29,0.004484746056634065,0.03888593174085154,-0.001092239422183016,-0.00044809504408948984,-0.06179564807581972,0.021944466128624558
2023-03-31,0.004669026389237481,0.038278885871294584,-0.0013574102074112204,-0.0009096884505427128,-0.04545844913119579,0.016146077306637703
2023-04-03,0.004738422465907821,0.037606192764032716,-0.0011698133892419796,-0.00032058498258769096,-0.04325215115743464,0.016243115819697018
2023-04-05,0.004702966769902068,0.04021699169119112,-0.000869109382877351,-0.0009243263274623305,-0.03411319634007337,0.01657194837009605
2023-04-06,0.004575679598683817,0.03855101573903839,-0.0008376955089442228,-0.0005781230846338748,-0.03171532155463619,0.016580138362237033
2023-04-10,0.005101062377940496,0.034412924161159944,-0.0006766861169615137,0.0005482035592665661,-0.03030045833270112,0.022826245447139067
2023-04-11,0.0049634911839292655,0.03464816955461212,-0.0005905537276912261,0.0002372482313255509,-0.024725690010736878,0.02090981656783521
2023-04-12,0.0050269591294645095,0.034464281236651295,-0.0006864081608694038,-0.0011369421788232897,-0.019641722049289934,0.022586114178127212
2023-04-13,0.004558479983291175,0.032830434872372555,-2.885315739043935e-05,-0.0015572793618948103,-0.018765949608018584,0.020776868480770525
2023-04-17,0.0040929187767556555,0.03128775453238642,0.0001524217846739108,0.00031351192498354943,-0.02556146175884877,0.026557491144027917
2023-04-18,0.004019852301163151,0.03130747170230604,7.217273359784045e-05,-0.00031498081907505927,-0.028198815087092655,0.02732063872737757
2023-04-19,0.004349142870086988,0.0300291511068621,0.0004708451529257415,-0.0004505301054898033,-0.030543098103333444,0.026799622432638805
2023-04-20,0.00458348668859489,0.029367960298638057,0.0007058188036272303,-0.0009400690372220213,-0.03021962346693763,0.02829651346754378
2023-04-21,0.004687693400644195,0.030660146874940182,0.0008674731220722418,-0.0006663528607701075,-0.03024223055638786,0.027248287137930604
2023-04-24,0.0044295281143622404,0.029960549103990257,0.001418425505315482,0.0006520031662224185,-0.02347025679982262,0.025072269683770406
2023-04-25,0.004340305116643888,0.0272903560417061,0.0015972281695522078,0.001259642199166617,-0.02201339910592437,0.028002419604943186
2023-04-26,0.004160059526328132,0.029145443992131544,0.0015744215964851593,0.0011152151792425957,-0.019517536344412223,0.02659561009885404
2023-04-27,0.0042854317685976084,0.028124191975322392,0.001676575544268519,0.001044287114151038,-0.013822383534218385,0.029540492045131577
2023-04-28,0.004220057913296237,0.027097960016930902,0.0020649489380131694,0.0008071241661439774,-0.005452369930520451,0.030567198713525753
2023-05-02,0.004404290501406823,0.025252825623906867,0.0019417690828965031,-7.060453171118175e-06,-0.0008772029986079399,0.02733753570206307
2023-05-03,0.004317854092076277,0.028172386920400083,0.0019173938368090794,0.000218036070826025,-0.00406223136348427,0.024572553190564502
2023-05-04,0.004217406676696938,0.026670338258197635,0.002014287491670431,-0.0005237428277691172,0.0051114862438194075,0.02507649808133828
2023-05-05,0.004179237054280339,0.028760279893506924,0.001577210074103052,-0.0009217013309317325,-0.005120920621720981,0.03203476672943048
2023-05-08,0.0039028271475709873,0.02721270580663583,0.0018081495361880401,0.0004035408846736053,0.005693202496603322,0.026842108325813283
2023-05-09,0.003681049874682497,0.02767999021547638,0.0013564412422297804,9.013480273636497e-05,0.005778002878322641,0.02442692415907341
2023-05-10,0.003667859954226797,0.026345769789582932,0.00164610756897533,0.00016501934213127521,0.008468823379156443,0.023226920307576844
2023-05-11,0.003318077836232184,0.02365044079464126,0.0015175523905941804,-2.477685819014691e-05,0.007480589093729173,0.02135046259622576
2023-05-12,0.003153082742672014,0.02534346125341429,0.0015634992849852215,-0.0005697314475370413,0.008453468869102143,0.01775466992999552
2023-05-15,0.003427455439603421,0.02531345634132183,0.0017196436964094241,-0.0015093432586153555,0.013042589391288995,0.018090682803617125
2023-05-16,0.003083691838588246,0.02465667864755306,0.0019296866240909238,-0.0014376516206515352,0.0069362505842283095,0.020436767722514612
2023-05-17,0.0033750860716920223,0.022716132107393552,0.0022000293980789327,-0.0014774126111622048,0.0012079810958078863,0.023735217175113368
2023-05-18,0.003233728154994296,0.023044672472935627,0.0024821705761979332,-0.0019754027795581813,-0.001641072556893275,0.021255557005335022
2023-05-19,0.003197960763618387,0.021212321568461336,0.002156856397406465,-0.0022578763643645973,0.0024102996222982176,0.02193825409200494
2023-05-22,0.0026966450035844627,0.015540729853942266,0.0017562450251085045,-0.0030099419933489868,0.008508061448004534,0.029479838364234734
2023-05-23,0.002040654236743141,0.011307734866992292,0.0015818409298649222,-0.002470177762488655,0.010342662016866178,0.03034976932046478
2023-05-24,0.0026203642798075574,0.012781374798356797,0.001402444867014707,-0.002234394793637149,0.006930867304908439,0.03517143679924663
2023-05-25,0.002906631489326593,0.010603434120290491,0.002031716990818833,-0.0035929920519776216,0.00888597899162491,0.038774974899390045
2023-05-26,0.0027898861079234047,0.012116605115663717,0.0014345469701914284,-0.0035320364533230624,0.01861239981949958,0.03661715197296119
2023-05-29,0.0027542088938247904,0.011228810928808841,0.0013528277990381057,-0.0024994217848672857,0.023980198328463098,0.038525241821776565
2023-05-30,0.002625225230260508,0.01221151964001422,0.0013733872185850075,-0.0016862921793285887,0.025872766768146427,0.03631709223255846
2023-05-31,0.00278802276066106,0.01290265771005011,0.0016103441638806234,-0.002495737936505552,0.020535747266820947,0.04375641637697386
2023-06-01,0.002813299764106041,0.015538222952871147,0.0017030724090753523,-0.0026614250990778664,0.018018784773197627,0.04081712750805611
2023-06-02,0.003227550951132432,0.014017841311790397,0.0019638606668974544,-0.0028581896588469797,0.02052582913365253,0.04636850483966215
2023-06-05,0.0036117637279470707,0.013047957830814756,0.001763998199732669,-0.0030740490999809178,0.023749616706790322,0.045197818767602024
2023-06-06,0.0035661891771026446,0.012423582364490487,0.001962518022239413,-0.0020179374553674877,0.024026611021211508,0.04698088592420912
2023-06-07,0.0035435458423227094,0.012527550604869006,0.0022772283935036737,-0.0022074211695490478,0.030876462659740422,0.04686775774555931
2023-06-08,0.0037708204545427665,0.010855712561970233,0.0029524458249887493,-0.002615783206174423,0.025971643396077604,0.04422497808565203
2023-06-09,0.0039475214165417775,0.007862118460686178,0.0032020478438515064,-0.0029165767415876617,0.022153446141943034,0.04976727531172666
2023-06-12,0.003937776975665001,0.006619960134685156,0.002953405789196796,-0.002787368054750462,0.024205850796978234,0.049757375961489846
2023-06-13,0.0038805952779512446,0.006418105712677537,0.003225231519608948,-0.003076775619186881,0.030369353236297636,0.051331269102627246
2023-06-14,0.0034197505051091004,0.008426642023664728,0.0027491684827641453,-0.0011237797815744515,0.03249318742069862,0.04604029555517333
2023-06-15,0.003540089172537936,0.009307620596883682,0.002522157098952642,-0.0019249705592984502,0.02887828331916642,0.04912944911937095
2023-06-16,0.003304640870171197,0.008893604155748636,0.0027160947018611916,-0.0020004892868629603,0.0362573316711895,0.049573788399927876
2023-06-19,0.0036650058479187667,0.00869162552408129,0.0027393429705013022,-0.0016363305525834847,0.03250981327907221,0.05147448071865267
2023-06-20,0.004135588260410066,0.0066374579884601655,0.0027615097217456325,-0.002676753058202345,0.03577553084657081,0.05188701832090041
2023-06-21,0.004679766910149725,0.00455315008883333,0.002664856335374379,-0.002166229748738433,0.03790929459324288,0.05307457478837714
2023-06-22,0.005039437367590082,0.004355089403905515,0.00276216809781639,-0.0026021836859480107,0.03336985077583854,0.056064235582283115
2023-06-23,0.005060624139730775,0.009396448890747727,0.003080669577517978,-0.0019885795781079147,0.02773623553977278,0.054534765433768145
2023-06-26,0.004959944419756566,0.007299660835541009,0.003065641269874035,-0.0007970474080471494,0.02911306545324943,0.05729883230128211
2023-06-27,0.004975083527816615,0.008501397478791644,0.003464641183571659,-0.0013652988206622656,0.03586496887036139,0.055158482323888904
2023-06-28,0.00478873744307989,0.00656133667362137,0.003574344191203646,-0.001825896809441169,0.04408604168268626,0.05938393244120834
2023-06-30,0.005297490822283141,0.007529278085913909,0.0030906935807707603,-0.0027902358883599384,0.05552131644625513,0.058208625843307445
2023-07-03,0.004983331087553949,0.006458308442326005,0.0034643694581470786,-0.00044053091480791666,0.06247840887994882,0.0540012400606784
2023-07-04,0.0044292740128701776,0.008861935037842317,0.002703495189804242,0.0011133165441421426,0.06591735539908439,0.052229606413078375
2023-07-05,0.004606856281301744,0.010220558818661126,0.002912639477993525,-0.0005501351461988087,0.06640732393794657,0.05206317148849042
2023-07-06,0.0050689666019943045,0.008804131140987062,0.0025951061057968984,-0.001074367193759706,0.07150054151920293,0.0508293739116985
2023-07-07,0.0049481628866813905,0.010891692878091021,0.002382171166516761,0.00015917730021712388,0.06301218706148448,0.050590573018882604
2023-07-10,0.005220374657786785,0.008400497186853092,0.0031151083691628987,-0.0012770576148786559,0.06425881740118744,0.049125313621406576
2023-07-11,0.005627225817324193,0.007547535382987434,0.003301690040872178,-0.0019186233726429939,0.06857274743362562,0.053164996612666375
2023-07-12,0.005722126531317431,0.006783424912293136,0.0033432829911266442,-0.0016706165548644385,0.06573831796215013,0.05547541802701265
2023-07-13,0.005747108742536838,0.006209659194927987,0.003846925759619568,-0.00167582692739778,0.06725754834772502,0.05682616797824712
2023-07-14,0.00578784679710289,0.005879611678174446,0.003202415409444629,-0.00280911832576593,0.07502266327915252,0.05539353555089696
2023-07-17,0.00547656839508929,0.00848882136725939,0.0029681356994426347,-0.0021586656700325704,0.08253367653019394,0.05091762608526559
2023-07-18,0.005414201367233442,0.009174411340616214,0.002825992890951968,-0.0032390918963407164,0.08445138338322644,0.04548678536435169
2023-07-19,0.005205152319230567,0.009116388782151541,0.002720049971373237,-0.0018484821852493066,0.08869966575470889,0.04434566308092703
2023-07-20,0.0051458526969121055,0.012444552962523617,0.002676877766453016,-0.0014750215012391008,0.09606107819420784,0.04404248237052014
2023-07-21,0.005534397007284368,0.009030951198913836,0.00362843997965771,-0.0018332477657540295,0.08434134106590274,0.05164304725688997
2023-07-24,0.005558115122300339,0.007208226021205678,0.0037529629142222815,-0.0006990028705895987,0.08066190877291712,0.05622418330341501
2023-07-25,0.00587177434479333,0.0029020625291256976,0.0035692495932573725,0.0022535836153509646,0.08108127911574947,0.06023094227657334
2023-07-26,0.005929392559352555,0.0036878014334087773,0.004029489319959417,0.001700292293695651,0.08604561830328417,0.05891675908637651
2023-07-27,0.006205124854250093,0.003304586215350361,0.004524498997675625,0.00034939800658188944,0.08005924000241194,0.06540978761069487
2023-07-28,0.00655094874804267,0.001535716996036169,0.004653020110507813,0.0008088864728234874,0.07935478020862763,0.0676684160249614
2023-07-31,0.006909380195025427,-0.0014227519283187956,0.004035483539038535,0.0024391582820097687,0.08483934304518681,0.06833574441358313
2023-08-01,0.006916465874698638,-0.0008004768291943991,0.003704414336830093,0.0023029588039205472,0.0838142238681614,0.06986182191787642
2023-08-02,0.00671199000109531,0.001989906703725107,0.003942676203399009,0.0025441427500041192,0.07332447459320157,0.0695703581625265
2023-08-03,0.007019931220723117,0.00016208555703202594,0.00385199750697243,0.0018593796844049435,0.06590378917629025,0.07035021865938874
2023-08-04,0.007482527370107102,-0.0053494024480458344,0.004529195523799283,0.0004888138978294575,0.0728871784464048,0.07613863758872234
2023-08-07,0.00776237854461545,-0.006051407594042621,0.003955995018092304,0.0013366340785530822,0.0770015803140075,0.07698393112805911
2023-08-08,0.007650552205220144,-0.0038634014085738347,0.0036069485582480927,0.0006014606341237911,0.07565184484940168,0.07532087496419186
2023-08-09,0.007964875256386126,-0.007345414399560192,0.003575317768281134,0.0012209073746445634,0.07880455273416542,0.08190774362987069
2023-08-10,0.008244615043418922,-0.012914306243069329,0.0034932148014432977,0.0025020352266958176,0.07424828427614971,0.08684040634322558
2023-08-11,0.008473618970869472,-0.01346922313113441,0.0031355828657941157,0.0029118703254088826,0.068374148114559,0.0890488660782134
2023-08-14,0.008632986898234031,-0.010966831349295622,0.00329138434539139,0.0027100182182773543,0.06869584377237126,0.08469662447785674
2023-08-16,0.008861226010625316,-0.009181865106717035,0.0028561929038078424,0.003100121568498198,0.07026260078634738,0.08359046163657032
2023-08-17,0.00891967427108832,-0.012469601215199147,0.0029757793210632003,0.003829243979544432,0.06513801820222198,0.08895094345083454
2023-08-18,0.008472561001415049,-0.012772117247823933,0.0030503171661873094,0.0037231988375954184,0.062292735576126246,0.08762528136153387
2023-08-21,0.008337697440863143,-0.0156126339723658,0.003084767508092905,0.0034802725669243434,0.06661425648931996,0.09392159582236825
2023-08-22,0.008599498559473196,-0.018031694980988784,0.003349558685824586,0.002884945653294068,0.06676119204705011,0.09768856640034386
2023-08-23,0.00885244735549213,-0.016410759726932487,0.003432770556059731,0.0016943829278854505,0.06921271194709622,0.09400940919492168
2023-08-24,0.008671345664713129,-0.016570779984346466,0.0036421791134856516,0.0011115025139493365,0.06626574726647494,0.09554272089608191
2023-08-25,0.008209782320784474,-0.014670295997967956,0.0035934392819109294,0.0008516207030801091,0.06002959349239301,0.09248067405506727
2023-08-28,0.008507289080307548,-0.01487586666639973,0.0035571620807359526,0.0005038922144513119,0.06211878773129398,0.09189548423624606
2023-08-29,0.008726072522975827,-0.01809982261207839,0.003666807181864323,0.0006046205574672086,0.06401454620565505,0.09309582253862825
2023-08-30,0.008970403877746495,-0.019244780159641674,0.0037777739850055965,0.0007934357615611294,0.06426264189203146,0.0939122828108011
2023-08-31,0.009279522441165136,-0.01787501410030199,0.003523806548511541,0.0010343282124292456,0.05942229128864318,0.09367148376973279
2023-09-01,0.009333484010373531,-0.021691257034650593,0.003020034241933754,0.0004712955392743033,0.06884900147756079,0.09323765070954938
2023-09-04,0.009514567826888773,-0.02418568021663388,0.002323950530390916,0.001252403839962117,0.07365983517920338,0.09708034988992371
2023-09-05,0.009518551055966275,-0.025620458110990688,0.0023561404241809235,-0.00034118890837725045,0.0760204311979441,0.10008064168851716
2023-09-06,0.0092817788142188,-0.023830396785344984,0.0024775255154103983,0.0007707355596077083,0.07786720384575341,0.10075133289273512
2023-09-07,0.00946821233120801,-0.026730267786516628,0.0023132961803616963,-0.002466182422250364,0.0837822362065338,0.10296271355599017
2023-09-08,0.00962312387622448,-0.030324051854843954,0.0024536842026030257,-0.0032804232228262706,0.08849142657310882,0.10306849819564737
2023-09-11,0.00959871055774559,-0.0316272756065334,0.002280408051370982,-0.0031056234513216156,0.09739156999315968,0.10247372581228355
2023-09-12,0.009098504522474465,-0.022513530622368,0.0023045599230966333,-0.0014541636248705315,0.09723402170627016,0.09898806007414604
2023-09-13,0.008856958406848345,-0.023887337344630576,0.0025060193873951125,-0.00046452081357124353,0.10107536697621455,0.10497053690538831
2023-09-14,0.00915469915497019,-0.02621153511534792,0.002441971808131494,-0.000936560791663141,0.10272457521612477,0.10489097351636494
2023-09-15,0.009964126453811088,-0.026383226641427678,0.0025181692352132332,-0.001440521107401843,0.10716418909329906,0.10872741922325374
2023-09-18,0.009935634336655532,-0.0257437358451843,0.0022772918677058983,-0.00104141051775632,0.10423987224720088,0.10735153499361931
2023-09-20,0.01007645033176785,-0.026143886125871815,0.0018210714509384416,-0.0015233332850253358,0.09272162230176884,0.10967604073030326
2023-09-21,0.009968064872988684,-0.02611083838431396,0.0021210880900536812,-0.002667367491917496,0.08472968313527052,0.11170339366296085
2023-09-22,0.00974370965682258,-0.027843037768192892,0.0019317871178242759,-0.00354021479069547,0.08128026547615552,0.10836815277449964
2023-09-25,0.009371975615197647,-0.029534849098610445,0.0019146951485623685,-0.0032420150833058704,0.08129555354304507,0.10914494379158661
2023-09-26,0.00949891030278717,-0.028452559152769907,0.0022037650090452002,-0.0026497695234974964,0.08079482737096955,0.1085125693776037
2023-09-27,0.00950666501242488,-0.028308938194454906,0.0019741993340436624,-0.004249728761944222,0.08342644656963283,0.10848422865143972
2023-09-28,0.009735212687773559,-0.029428691326505132,0.0022907114896931215,-0.004708009690252332,0.07364281690285912,0.10991968751468402
2023-09-29,0.01015382215255426,-0.03181850902603605,0.0024570087321874145,-0.004618522293056053,0.07952033382002788,0.11514695202346256
2023-10-03,0.010018003968476318,-0.03371094911879423,0.002880132426025113,-0.005102361714594467,0.07394190916555898,0.11694389288118362
2023-10-04,0.009365174799246428,-0.029761812489769276,0.002769107062768146,-0.004794106160292099,0.0691976018942283,0.11113237261360163
2023-10-05,0.009498195824655931,-0.0298928693929188,0.0032849494094180525,-0.005505865232282769,0.074839185999514,0.11172402535094553
2023-10-06,0.00895202522062906,-0.030029444752562404,0.0029195333409399353,-0.003255564741964971,0.08035189336556547,0.1120687295821218
2023-10-09,0.008942060689834398,-0.027560994755018792,0.002673034247630519,-0.002958337770289165,0.0731699466067185,0.1128630566845227
2023-10-10,0.009268523863942803,-0.032449040949221394,0.00229681748138659,-0.004705252328376248,0.08226674958295865,0.11742867169244105
2023-10-11,0.009389090226333208,-0.03145593319945017,0.002597268929073894,-0.0026561942060016612,0.0884374417116659,0.11712381873086247
2023-10-12,0.00935762365267586,-0.03214330145362914,0.0028010505424261615,-0.0019778448437811516,0.08756170079965908,0.11677372208810158
2023-10-13,0.009164165022351374,-0.031737755665369745,0.0025349814401220503,-0.0008730741905689653,0.08539189081936205,0.11673505853954076
2023-10-16,0.009448447324606805,-0.03339274381822577,0.0024842215122641074,-0.001443004710766558,0.08441468806373331,0.11704806945618468
2023-10-17,0.009648295332270828,-0.0333112916356005,0.0022860796387811303,-0.0021159669173075385,0.0884563974914323,0.11748873525549264
2023-10-18,0.00991349245559195,-0.03153157688943034,0.0021525128588203296,-0.002202685038949056,0.08136958475009515,0.12099007579688444
2023-10-19,0.00981061630946686,-0.03130151470813439,0.002729119938858817,-0.003251407218088402,0.07901077453885075,0.12062462001639977
2023-10-20,0.009648753773782388,-0.03154026874753821,0.002894074759730116,-0.0029486949593777283,0.07482987845425715,0.12038175344651252
2023-10-23,0.009659977906926576,-0.028262928879615637,0.0027888758191590662,-0.003133982813894253,0.061479571028701496,0.11801475513091747
2023-10-25,0.009552902307508163,-0.027500530082284952,0.0023680234415893848,-0.0023267222976126674,0.05320233429578047,0.1167564658403012
2023-10-26,0.009828172620926008,-0.029189548459420078,0.002247590169977327,-0.0029179697975236746,0.03934926938343297,0.1189592038826632
2023-10-27,0.010190860438849614,-0.03478670744889466,0.002180337959008533,-0.004528811174111346,0.049424969710893274,0.12012882886600997
2023-10-30,0.010010865197414093,-0.035831815934362424,0.002550990941875506,-0.004461538776323039,0.054341710480558136,0.12179664572021912
2023-10-31,0.009584757723893715,-0.03597647848396581,0.002457075093219001,-0.004751142159754687,0.0511391034976586,0.12292778206931924
2023-11-01,0.010037292564405515,-0.03546718267653382,0.00262091439755845,-0.003596749153145424,0.04639847892472171,0.1244807380790709
2023-11-02,0.010239367990784617,-0.03711316845983834,0.0026475936108044267,-0.0036731529368190276,0.05398700218198871,0.1265863352951674
2023-11-03,0.01090855865491231,-0.041525590798000014,0.0035524829418969797,-0.005822130176684533,0.05907498302031999,0.13331714338227046
2023-11-06,0.011145712727009337,-0.04380840296183107,0.003863242131763062,-0.00625185239496211,0.06849488641931167,0.13529858647079676
2023-11-07,0.01143784594305385,-0.04509187909942928,0.003694344682990024,-0.0059801158155230105,0.06823469446083297,0.13974804097295299
2023-11-08,0.011466442195773082,-0.04720440032235063,0.0040531290489210494,-0.006232112096802014,0.07013098711911492,0.14397921980405282
2023-11-09,0.011675842092790599,-0.04602920239949648,0.003485708057451844,-0.006531343969860487,0.06765204974929984,0.14175744221452247
2023-11-10,0.011693678245233489,-0.04638520997714343,0.0035426605232819776,-0.006615060551109558,0.06920133369513315,0.14126518754702524
2023-11-13,0.012065776159333644,-0.0517915918815822,0.0032724893437759074,-0.007942249960796987,0.07013831409656768,0.14629609046181674
2023-11-15,0.012278001938978073,-0.05153737738937944,0.0032165425855060895,-0.008646317139744394,0.08206506760517196,0.1444340101682807
2023-11-16,0.012379704852118027,-0.05007283549346468,0.002756681602901575,-0.007277125037302668,0.08662658988617133,0.14377854521725933
2023-11-17,0.012487626008322879,-0.04811924929781844,0.002668246311164111,-0.008229984001420316,0.08493683016605091,0.14509915450919872
2023-11-20,0.01264062764006618,-0.04741164656610754,0.002720445355507132,-0.008085638818117618,0.08302110125366902,0.14567362397833747
2023-11-21,0.012483248960846295,-0.0471955183239097,0.002656446929000409,-0.00784559551848752,0.08756057472909307,0.14659039744970354
2023-11-22,0.01254786446727649,-0.04437111421938431,0.002450165997362975,-0.008024973505747468,0.08899860955567829,0.14487479162885905
2023-11-23,0.012554881211404734,-0.04444852245382498,0.002612213609240707,-0.008187856193764985,0.0885014520681543,0.14313678238861252
2023-11-24,0.012517393757174243,-0.04514897239780073,0.002878444963570464,-0.008683254890348316,0.08813276298371842,0.14202472376918113
2023-11-28,0.01214997352737878,-0.05188354885481392,0.0029147179095449023,-0.00787211714508387,0.09293202762270891,0.14788400565515977
2023-11-29,0.012625311132292582,-0.05020954545306358,0.0028009561655671566,-0.007919338557279422,0.10333441673626342,0.14492073736237324
2023-11-30,0.013203048868908863,-0.05181437088050259,0.002947773591097131,-0.0072888949175150776,0.1051531712499848,0.15248848254437433
2023-12-01,0.01293506797099337,-0.050108391734257296,0.0028681191723845204,-0.008510512867088291,0.1118461128604914,0.1506046303782525
2023-12-04,0.01284037967958677,-0.05615475009578238,0.0034890902094142522,-0.010142733993567566,0.13251428186426073,0.15211310468980518
2023-12-05,0.012293818971076231,-0.06336008368038606,0.0031327462067528033,-0.0083501652229337,0.14064984762450827,0.15683470227142396
2023-12-06,0.01242749682575075,-0.06225080562532334,0.003165096979853802,-0.008375771902859399,0.1446104908687088,0.15392268218854202
2023-12-07,0.012542886616366627,-0.0634368439273144,0.0029554245111881082,-0.007254686198162581,0.1428648918063118,0.15631716697341214
2023-12-08,0.012456302741930787,-0.06187045196259307,0.002841230538514702,-0.007833013349789822,0.14613026231101922,0.15441581062455895
2023-12-11,0.012554047205965787,-0.06489591792751809,0.0028479279836048114,-0.008606296036105332,0.14745119749438218,0.15621012153585004
2023-12-12,0.012490735675359384,-0.06397534961449633,0.002994507172072706,-0.008107508084234272,0.14313159048020663,0.15735442282832135
2023-12-13,0.01291940149064599,-0.06601961397030605,0.003324046182615935,-0.007298258307584922,0.14408580633646406,0.15850964640418083
2023-12-14,0.013200696702831574,-0.07031787452631974,0.003081545303474895,-0.0072560261909681255,0.15633589362642097,0.15997434767460642
2023-12-15,0.013170560895218031,-0.07181101717261076,0.0023526937138446126,-0.007073319015336942,0.16926867282731295,0.15662247532198087
2023-12-18,0.013335621830237851,-0.07308928671364529,0.002870526617175055,-0.00792122318636813,0.16749766014321743,0.15800643603788966
2023-12-19,0.013113865979326534,-0.07370984753324998,0.002980447382137684,-0.008508267288606285,0.16910603499978993,0.15737705840409233
2023-12-20,0.012698060029271629,-0.06798887336632803,0.0034240870130385495,-0.007819052767681653,0.15498456890555656,0.1529739237153955
2023-12-21,0.012870795010865976,-0.0703840656486693,0.003688077520869119,-0.0075273554102872646,0.15994436298207992,0.1542462111364478
2023-12-22,0.013116276373090728,-0.07165574409737731,0.0034854711839479953,-0.007981074323340673,0.16438328953869064,0.15686383594225564
2023-12-26,0.01316006707817988,-0.07270150088825576,0.0036462320683891603,-0.008393467008467053,0.1686901654727978,0.15718018871925485
2023-12-27,0.013224808745792568,-0.07270092714313754,0.0040292143447482704,-0.007782295733029416,0.1786429153935255,0.1590396404948743
2023-12-28,0.013208742456525657,-0.07182914834526523,0.0034337587934064736,-0.007151009588172648,0.18436679670132172,0.15951469548151062
2023-12-29,0.01297013583209268,-0.07207231961647757,0.0035626310500758204,-0.0062921567534484765,0.18219500362727625,0.1577372290849419
2024-01-01,0.012702701080810922,-0.07224962580408885,0.0032031809554425544,-0.007162785098621469,0.18267817543448894,0.1585890590820514
2024-01-02,0.012717348350156367,-0.0744109938323136,0.0032508860452903094,-0.007341735043671925,0.17917803938346488,0.1661391952647226
2024-01-03,0.0130760391901308,-0.07736674359524512,0.004172709715397987,-0.008413357236498845,0.1723261730077954,0.17274940569319427
2024-01-04,0.012899366780528571,-0.0814107103660922,0.004754903846248514,-0.008820472067486101,0.17889064319414483,0.17169057051567663
2024-01-05,0.01310728975313959,-0.08334582580984347,0.004776347474601608,-0.00930901298661839,0.1813008254227504,0.17243997524716084
2024-01-08,0.013419306033555298,-0.08560178690526486,0.004976520143569812,-0.008904928979021495,0.17219011673710738,0.17471483356359183
2024-01-09,0.013803063271756694,-0.08780875635775318,0.004689699781468575,-0.010262172257116994,0.17367059874217405,0.1783638155211094
2024-01-10,0.01370522554001213,-0.08840883124535685,0.004660249985353353,-0.010074593524408319,0.17709831398335463,0.17848961227357651
2024-01-11,0.014295565195925015,-0.0918979075933137,0.0049553422585365365,-0.010624218250909544,0.17841661716670631,0.179079681708311
2024-01-12,0.014395240573184013,-0.09306505233452228,0.004917234463550024,-0.01076843563701927,0.1898431098044122,0.1783906714961059
2024-01-15,0.014782008880793361,-0.09281762707295352,0.004806845495846993,-0.010459697563610081,0.19911018449926088,0.17904971067269013
2024-01-16,0.01444457229633058,-0.0906926871256434,0.005185425636507101,-0.010596248727168285,0.19616195111471613,0.17878843157388027
2024-01-17,0.014530457288267582,-0.09055777372676671,0.004201941689850976,-0.011326824814541852,0.17526755760263368,0.18234508424255885
2024-01-18,0.015186760401431434,-0.09091466167137417,0.0037534576746344156,-0.012220329568490453,0.17018228609389807,0.18652463568981753
2024-01-19,0.01590225546410611,-0.09281226891350289,0.0036142539817874695,-0.012189612452484774,0.17764424328035344,0.1929905052836551
2024-01-23,0.016737297977125802,-0.08946709771291571,0.002807554960064692,-0.012057687779945243,0.15990340033761896,0.20195976844380678
2024-01-24,0.017177266667117976,-0.09251503935062669,0.002559115140971038,-0.010823448401965117,0.17003337140876984,0.20463831036761485
2024-01-25,0.017218157418769184,-0.09679101555266588,0.003180418528035976,-0.010298356846446156,0.16530931765336965,0.20494190735939213
2024-01-29,0.01693557877574635,-0.10358445820174907,0.0031110488344204146,-0.011119020528846647,0.18333990910561437,0.20348631988808835
2024-01-30,0.017159445021375144,-0.1029921968934715,0.00327785940508342,-0.01201516983631063,0.17342621100313116,0.2017455989682882
2024-01-31,0.017458801387669188,-0.10150809267444441,0.002534434431616272,-0.00964777800423582,0.18288623642213409,0.2043816081416913
2024-02-01,0.017475937336324528,-0.10029980745688387,0.001777588312468425,-0.010205762705996853,0.18158593304797987,0.197564592336697
2024-02-02,0.017760347813647773,-0.10425222052077852,0.0010429360519300392,-0.008622068701814659,0.1887919212230731,0.19787648189092608
2024-02-05,0.01797201215847665,-0.1039123676172232,0.00014856246001038458,-0.008847881913211677,0.18503506614226528,0.19741838158779812
2024-02-06,0.018276876943789783,-0.10404142089304046,-9.639529476955917e-05,-0.00897857150489833,0.19227846824379657,0.19858428638396297
2024-02-07,0.018602896523732697,-0.108929092781337,0.00024990174642289085,-0.008413305006941818,0.19232861140117485,0.20759622743324238
2024-02-08,0.019814825777694615,-0.1144218789145941,-0.0001308016784450421,-0.009960750875895832,0.18263659429030188,0.21535377250933713
2024-02-09,0.01942956778332467,-0.11207236438238397,8.255387047908911e-05,-0.009796708072621261,0.18560882618014674,0.21748140259878124
2024-02-12,0.01977538078138958,-0.10786761549720834,-1.6607908454869326e-05,-0.008760487955427965,0.17796740674941103,0.21795537659273642
2024-02-13,0.01984233339423863,-0.10671014183710442,-0.00017270165954782487,-0.011464934610121134,0.18385188676091868,0.21491404909989095
2024-02-14,0.019826290073760234,-0.11065461989272012,-5.1454294620714e-05,-0.012162591230620991,0.18830387904588064,0.21286020560484892
2024-02-15,0.020703508572212342,-0.1145973336766593,-0.00022323787167436804,-0.01073621654957691,0.19154101523471656,0.21304680077093874
2024-02-16,0.020788722187439556,-0.11571031812730088,-0.00021468577066939307,-0.010156984854190306,0.19747185825697722,0.21409311459599134
2024-02-19,0.020830213560550755,-0.11273182497569957,-0.00019351545832704738,-0.008034622956533807,0.20117186706525603,0.21489370993355808
2024-02-20,0.02088545730027827,-0.1121560215952035,4.805283822721142e-05,-0.008642699608949969,0.20454852263826506,0.21295151381787977
2024-02-21,0.020454842733306305,-0.10929253540975367,0.0001775086916690903,-0.007822139548233574,0.19815582262793496,0.21128497682967115
2024-02-22,0.021256819926859814,-0.11114050186103876,-0.0005832183870423221,-0.009507823872208436,0.20551914448607644,0.21395474707274606
2024-02-23,0.021396391251730113,-0.11314037237272165,-0.0005798936773947768,-0.009469406476592584,0.20530534856588634,0.2161197197996753
2024-02-26,0.021552457227652866,-0.11452554697948497,-0.0008611731963776626,-0.008742237205670142,0.2012244200570501,0.21392645131474722
2024-02-27,0.021632033908645907,-0.11220834028299394,-0.0009846104279473212,-0.008057697159840609,0.20467341440569653,0.21581078719947575
2024-02-28,0.02165272953013869,-0.11079084724273731,-0.001002152092002402,-0.007930671251186943,0.193537486595748,0.21787238391665667
2024-02-29,0.021470728948242295,-0.11349552884820627,-0.0011342993632173731,-0.005745786543681901,0.19497934226443858,0.21832035853213794
2024-03-01,0.021147468988777236,-0.11610953939804235,-0.00036331576913502467,-0.005134766078367514,0.21117151096450715,0.21354631924570266
2024-03-04,0.02140315082227166,-0.11905736247425601,0.0002676149543550685,-0.005925013519482161,0.214164051253243,0.21370815334916216
2024-03-05,0.021980184933881007,-0.11968107739687207,0.0007999067004712467,-0.006779115064757972,0.21196376074620515,0.21657930763741975
2024-03-06,0.02194633271235835,-0.11657966824094584,0.0007209676215553594,-0.007813374126540621,0.2172307322882393,0.21594676733634124
2024-03-07,0.02187161047360959,-0.1172211767289816,0.001166309594777422,-0.008528715267155203,0.21809839963445132,0.2186829742145309
2024-03-11,0.02176175839075022,-0.11603068583961629,0.0006218937103656172,-0.00849434495338969,0.2109452208326802,0.22131161926019186
2024-03-12,0.021746878056949363,-0.11226932069043467,0.0006584061582990402,-0.007880393371202226,0.21108173969952626,0.21595667974565624
2024-03-13,0.021118056778030754,-0.09870344638383775,0.0006374427719275324,-0.006954020508313287,0.19594901442910972,0.2106957878127052
2024-03-14,0.02134028105490054,-0.10478657253712628,0.0005829436118015093,-0.0071454767214932475,0.20272023038191456,0.21694504957262495
2024-03-15,0.02097610326529916,-0.10553960942475021,0.0014099765648023987,-0.005773411598142186,0.19715276175459584,0.2215108513952224
2024-03-18,0.021563497520183605,-0.10640954598571943,0.0011937344279181676,-0.006943189833921589,0.19862163955696377,0.2205057859142642
2024-03-19,0.021610666159746487,-0.10696420012563479,0.0017709364231018971,-0.008100135399993472,0.18781944291667507,0.21924338935726356
2024-03-20,0.0219650759331307,-0.10834073494511438,0.001800588737012842,-0.008800032631737632,0.18881178580735525,0.2211142995824443
2024-03-21,0.022283652276188587,-0.11241923679357696,0.0015738519484954714,-0.008852049724551194,0.19672647150716305,0.22397544607185862
2024-03-22,0.02238483522733043,-0.11205953287224112,0.002092057066724975,-0.009991073134370141,0.20057896000817066,0.2294152931224681
2024-03-26,0.022404876209143415,-0.11721856443092257,0.002607647534537205,-0.01060835736649349,0.1964131536678717,0.23191864182492036
2024-03-27,0.022413317143781166,-0.11649269241965163,0.0029721695107575155,-0.011596631127333303,0.2018188704510233,0.2267992650760206
2024-03-28,0.022084775292687958,-0.11718356605922864,0.0028129504128655953,-0.009659400637601054,0.2110058715295673,0.22767025650237394
2024-04-01,0.022376965750050447,-0.12002261155716147,0.0027059932929989847,-0.01039176138764048,0.21705685070765912,0.22977043963516097
2024-04-02,0.02249924585190286,-0.12338438801455175,0.0029714356767751955,-0.009405903603668065,0.21666956468014598,0.23002185447248447
2024-04-03,0.023023583332251945,-0.12544434503753418,0.0024719334053205323,-0.009386678126174428,0.2158389344397773,0.23186057555804157
2024-04-04,0.023051947561468205,-0.12351210891879533,0.002601964846100218,-0.009534145563554513,0.21940484692814088,0.23158305732801876
2024-04-05,0.022994572009693175,-0.12424278458165329,0.0025143148323781483,-0.00939761366166417,0.219362600130678,0.2303557476441618
2024-04-08,0.023199331734912836,-0.12463705046683135,0.0023130180129227198,-0.008520534763697154,0.22614076488349244,0.22520820159271607
2024-04-09,0.023410909401319954,-0.12481103489226528,0.0021590854385555324,-0.009229224099141377,0.22510174305645125,0.22543157163099883
2024-04-10,0.02336032618954585,-0.1272927734926545,0.0021828850063088786,-0.009871755773358899,0.23000621717068204,0.23104037876703165
2024-04-12,0.023227737978397344,-0.12945438001060863,0.0023055224627359485,-0.01013823680811413,0.21970462435643212,0.22971035041809665
2024-04-15,0.023283998415702997,-0.13023520152160978,0.002629131230461222,-0.010381063402167654,0.20874072716813108,0.23019127205810913
2024-04-16,0.023309400911076857,-0.1286871183049549,0.0027628708946068675,-0.009859555646250625,0.20314640190715905,0.23175280230065007
2024-04-18,0.024048613869337203,-0.12904610364666436,0.0029540025347200467,-0.00986081022618471,0.19628115605684082,0.23084105960741455
2024-04-19,0.02412824765981711,-0.12905158816420734,0.002900281552728425,-0.008181555990693984,0.20315292474544722,0.23166622537163245
2024-04-22,0.02403179701872727,-0.12972494881387722,0.0027130275116007607,-0.008951213310314763,0.21170489072842458,0.2332760208307061
2024-04-23,0.0236916569621971,-0.12793930171615453,0.0029515445703201847,-0.008377062190291006,0.2131196043269622,0.23176687788887215
2024-04-24,0.023895549771934213,-0.13018300044873543,0.002820226529482463,-0.009521188927068432,0.214657533092386,0.23274156697993642
2024-04-25,0.02457804646306426,-0.13066194691284083,0.0023843934438478685,-0.009448752863077824,0.22215446269910288,0.23742767915492852
2024-04-26,0.025771995374298556,-0.13228238612106194,0.0025845517734163935,-0.011692906641074776,0.2154908357182196,0.24450308431437462
2024-04-29,0.0255358745069248,-0.13026211482924985,0.0029859954715143124,-0.009465125796176758,0.22545745828702202,0.24365394162379478
2024-04-30,0.025745221855701036,-0.13284255712915005,0.0028289342756883844,-0.00840356483408887,0.22375494097138238,0.24025299243451004
2024-05-02,0.02651873810499193,-0.13281606542630195,0.0025539774391374758,-0.008981038759422189,0.22567265376859647,0.2421846836107434
2024-05-03,0.026600731867245573,-0.13515345325368008,0.0021449367444372042,-0.008583626181355004,0.21806279447204302,0.24701275737058143
2024-05-06,0.026742039246310113,-0.12996591522305045,0.0014761423617319345,-0.009597416384368045,0.21658786065636326,0.2394446774869424
2024-05-07,0.026000136303294417,-0.1234528676685975,0.000801118651312038,-0.00873779491964422,0.2103408750605812,0.23675131928630208
2024-05-08,0.026334023192118562,-0.1271470515319646,0.0007571987720101246,-0.009674982682022897,0.2103408750605812,0.234237053677278
2024-05-09,0.02671953336116332,-0.1245851304494265,0.00011117386776250606,-0.008661851693915605,0.19487175724867667,0.23116792479277815
2024-05-10,0.026753280190399978,-0.1255192799870606,0.0007332772251920325,-0.008977686282481797,0.1993212263936157,0.23493272648392238
2024-05-13,0.026231008424219625,-0.12291431161574942,0.0006790587445396033,-0.009359791949084094,0.20153619448415427,0.23305364924816513
2024-05-14,0.026470058520187786,-0.12801301448581245,0.0004167695597474022,-0.009972638617477842,0.2066845190718598,0.23410853214712332
2024-05-15,0.026906673495899727,-0.13253800965840754,1.9369221286968117e-05,-0.010374886036240278,0.2059059186029062,0.23789722942495958
2024-05-16,0.02710678341236258,-0.1337007281347641,0.00017734562270022873,-0.01026125213718029,0.21506329627917098,0.24021155390047155
2024-05-17,0.02756454865951175,-0.13640392966500203,4.211384908746189e-05,-0.009229362866880865,0.21784183662314605,0.240718791811654
2024-05-21,0.02802463326284789,-0.14361325391462978,-0.0005618321705386488,-0.011904844528973972,0.22064388829074977,0.2463877598319252
2024-05-22,0.027727546188407604,-0.1417624014088087,-0.0008443774559711368,-0.012064189543604843,0.2236955037656998,0.2450173796203831
2024-05-23,0.02741838994931273,-0.14532225108387622,-0.00019698093528246034,-0.012470935775393887,0.24006212337418287,0.2432733172303408
2024-05-24,0.02755945084356758,-0.14607919565575722,3.995220006272111e-05,-0.013594682282863828,0.23960274764046363,0.24282337170961038
2024-05-27,0.027450783474985363,-0.1454408166544993,0.00044519598232803186,-0.01509515977073448,0.23852898871427364,0.24036387088931133
2024-05-28,0.02714405779105239,-0.1422964640140511,0.0005598267246745528,-0.014180692752669404,0.23659727929665153,0.23876838751452853
2024-05-29,0.027548112593384806,-0.14485665689238883,0.0006716010506266706,-0.014777526623554816,0.22858216366939044,0.24439231044122225
2024-05-30,0.027544665049712824,-0.14395499443948925,0.0012463504759732337,-0.016225157863249462,0.21906656401121116,0.2418226606847688
2024-05-31,0.027495088677732028,-0.14913690202199203,0.0013516222931393737,-0.01823233438964837,0.22093634398442508,0.2445262558989199
2024-06-03,0.02795271765471829,-0.16038819240953095,0.0013337511733126704,-0.018042013369208167,0.25347866167977784,0.2388159416158273
2024-06-04,0.027014775888683024,-0.12961424778499275,0.0005355212490904161,-0.01350017659851651,0.19418506226336707,0.23041607716354273
2024-06-05,0.026940749782053356,-0.13757515143266175,0.0010890588125123154,-0.01350775381027657,0.22780929902340274,0.23407430188805795
2024-06-06,0.027548402670052034,-0.14062614390398845,0.00042254087847985885,-0.015412218444912645,0.23669734826764055,0.23811139531532832
2024-06-07,0.02796884169717062,-0.14095724053890693,1.7274271243232964e-05,-0.01298261626470167,0.25723727973444765,0.23864658568414357
2024-06-10,0.027960248142925827,-0.14054295412729062,0.00018999653871814323,-0.012120403306578017,0.2559083414770348,0.24064105997332627
2024-06-11,0.028165692238362152,-0.14338320303361426,0.0005586922895506226,-0.012356063680254702,0.25615127291125395,0.2402911615293825
2024-06-12,0.028521547761072727,-0.1451352732929132,0.00017476581315115645,-0.014157780155710975,0.2586485858253932,0.2429404441118863
2024-06-13,0.028871043076907618,-0.14924531804558974,0.0006215530764803431,-0.013755344490325156,0.2619050852999082,0.24715825025210886
2024-06-14,0.029247020070919675,-0.15260496282096714,0.0008562348202220712,-0.014109848820639776,0.26475561321517393,0.2505580638731031
2024-06-18,0.029586090987086484,-0.1565648747090345,0.000894437487521937,-0.014249964406314854,0.26868906400213455,0.25230646740055473
2024-06-19,0.029667187442247705,-0.156223628486445,0.001145537243456962,-0.014426317886735698,0.26691045088593024,0.24933272576480345
2024-06-20,0.029387239041899514,-0.15732085898349288,0.0013320040187118419,-0.01634784221203017,0.26907918706555256,0.2481050878243297
2024-06-21,0.029656017354951426,-0.15667766755994003,0.00100785977067415,-0.016721311231643245,0.2662828875524622,0.24946418338535586
2024-06-24,0.030322138116110703,-0.15592574940005408,0.0008857372816208833,-0.015191181976566718,0.2678466441685713,0.25334541411237244
2024-06-25,0.030566209490348904,-0.15540968871806246,0.0010082363995771182,-0.015885306802158942,0.27564052402248673,0.25203508742196973
2024-06-26,0.030330174620957086,-0.1531226143272423,0.0010314584242235455,-0.014598974489158492,0.28185856414432464,0.24963426766271485
2024-06-27,0.03028379388643905,-0.15194714425606465,0.0007792562411474702,-0.011313109679282108,0.28921960504286937,0.25111593098612484
2024-06-28,0.03030401051389162,-0.15317776530499494,0.0008451422034257352,-0.011130849980016165,0.28780970296027253,0.2525625355717105
2024-07-01,0.030407001970274083,-0.1517495066170167,0.0007358284596592584,-0.011013390096657125,0.2932801873093479,0.2549491476883752
2024-07-02,0.030558199643110965,-0.15185839764063694,0.0005720399261256207,-0.010756381543208413,0.2925304711530011,0.2533007680350854
2024-07-03,0.030330792939768342,-0.15263480645270838,0.0005139678599269212,-0.011498976152458602,0.2992727777607239,0.2515368991110682
2024-07-04,0.030703219428964593,-0.15188196729107756,3.099386387241126e-05,-0.012330560690771911,0.29991718476152684,0.2537747702843424
2024-07-05,0.030950275062196338,-0.153990079823837,-7.736976132610346e-05,-0.01389315026101702,0.30081007771137747,0.2528645524282925
2024-07-08,0.03101875016611857,-0.15425199841270046,9.836766235434927e-05,-0.01503274889847651,0.300674456575004,0.25092324960372797
2024-07-09,0.03119431847109775,-0.15109521428904787,-0.000335536140612165,-0.01420485373335996,0.30530627756101747,0.25150516649574306
2024-07-10,0.030857611931465485,-0.14950234754364738,0.00024563127806331766,-0.01609311519795729,0.3008553663632507,0.2545286874746276
2024-07-11,0.03088159636910208,-0.1516803483908267,0.0005767025314697814,-0.017151464962011056,0.3005059237130365,0.2584664589335689
2024-07-12,0.031060948847180324,-0.15060186418312968,3.572453706495642e-05,-0.015131556683865344,0.30816349735739257,0.25812520834263614
2024-07-15,0.03143418819550179,-0.1543947820131457,0.00027570825869743223,-0.01509132771348175,0.31161416706503386,0.2615735677228818
2024-07-16,0.03097660048946329,-0.15163835505079004,-6.724777008822343e-05,-0.01581705439969914,0.312683882890489,0.25923995876975936
2024-07-18,0.030618551285711344,-0.14810239076340354,-0.0005008482807438053,-0.014057717637065446,0.3203160126339173,0.2544941224559595
2024-07-19,0.03019867803926292,-0.14223997684518466,-0.0004594462897675706,-0.014656938851265016,0.30943133638282805,0.2520252980332548
2024-07-22,0.030819702708030885,-0.14306032761391613,-0.00040822374800908044,-0.014691135012778718,0.3085487601104433,0.25716632726922883
2024-07-23,0.030247518665900894,-0.13868076084206002,-0.0005356495833446981,-0.010160602892253155,0.3073166041387183,0.26219680944211576
2024-07-24,0.030897902810635303,-0.14022206187068942,-0.0004478061626390843,-0.011424384806672705,0.30463877231281233,0.26561421296852894
2024-07-25,0.03113558735972618,-0.140790426571899,-0.0006365805505389965,-0.011757188151748438,0.30433564532876667,0.2655644382759326
2024-07-26,0.03175122123515387,-0.1461676912602908,-0.0007571221324269211,-0.012895215546449837,0.3219029750890412,0.27351865721433055
2024-07-29,0.032079132318520664,-0.1491632000667863,-0.0009805588356632685,-0.013898989160822998,0.3219533075863046,0.27270729733811366
2024-07-30,0.031884495382116504,-0.15029662526346094,-0.0009022453633717113,-0.01364773857518037,0.32280695096060463,0.27038550925843674
2024-07-31,0.032028004869198705,-0.15112700682292143,-0.0007528962048554805,-0.014490256050761284,0.3265824859714612,0.27281346946321766
2024-08-01,0.032049165708029785,-0.15203058271239783,-0.0006964762621435857,-0.014624062077060872,0.32897716513713404,0.2759066410888737
2024-08-02,0.03220006188517222,-0.15139517313447826,0.0005099088077782779,-0.014478984825484329,0.31725422964517935,0.28084666656123036
2024-08-05,0.03160859808639641,-0.14451598639702345,0.0009443854445905095,-0.01452727474934096,0.2904677717505565,0.2790367756050051
2024-08-06,0.031215322236424134,-0.14170548682193973,0.0005330699556011065,-0.014393772532602735,0.28784680909949756,0.27418060432363556
2024-08-07,0.03218165436130136,-0.15010265895746247,0.0007194048829123453,-0.015988811823626513,0.300556971579942,0.28210295611545155
2024-08-08,0.03253259854339537,-0.14984698518669984,0.000974716530674026,-0.016412367690731663,0.2931282237663809,0.2857126575277776
2024-08-09,0.03325029025076085,-0.15491817366050545,0.0007160706844431632,-0.016709442210210035,0.30351508780419667,0.28901199963295676
2024-08-12,0.033291332437106226,-0.15543425010192938,0.001045236767419412,-0.018065122595702324,0.3026738033064025,0.2891868581345441
2024-08-13,0.0331147961439073,-0.1530971571848559,0.00073904054043666,-0.017268165665550898,0.29413065630677215,0.29174716695929725
2024-08-14,0.03352110961643945,-0.15096035644058436,0.000624014164612725,-0.017335237444234337,0.2943274333066478,0.2895018633450396
2024-08-16,0.033722866964110504,-0.15314958309181598,0.0001595164435151068,-0.016792703383811638,0.31078719579694025,0.2910455414849343
2024-08-19,0.03382753477105698,-0.15575300738296685,-3.006892049578017e-05,-0.016355829426873213,0.3120707542079605,0.29479401570074026
2024-08-20,0.033741453479571304,-0.15636993590479764,-0.0005244091923177328,-0.016785437158118525,0.31720651354787066,0.29445297548363
2024-08-21,0.033238734521262504,-0.155777028473226,-0.00031294490999675244,-0.016792153498373097,0.32009529624436983,0.2966161542162594
2024-08-22,0.03308512999905288,-0.15533954898739932,9.660198976468398e-05,-0.01704007622626549,0.3217626538980273,0.29785253715647564
2024-08-23,0.033578703380336576,-0.1557070018691695,0.0002320732321032133,-0.018229793015968863,0.322232209975854,0.30008751260384686
2024-08-26,0.033504190415109936,-0.1565861882826725,-7.160914842160767e-05,-0.016869800064389057,0.3297835971205251,0.29684240634206127
2024-08-27,0.03352944149891424,-0.15504593770971473,-0.00018354596817977807,-0.018219461578640378,0.33006949153076215,0.2943758442775558
2024-08-28,0.03400660522058809,-0.1564671528656124,-5.756788851036821e-05,-0.017719509016994886,0.33145249397402743,0.2971040220586543
2024-08-29,0.03374158039339217,-0.15540621065035512,-0.00021120387574692618,-0.01824347367109714,0.33542815338035037,0.2928671140314875
2024-08-30,0.03377756939380447,-0.15489488158547063,-0.00027759578684174036,-0.01712172569146462,0.33876591345392815,0.2946220236659945
2024-09-02,0.033210753696046515,-0.15388659306310296,-0.0006054547854008832,-0.01837413980325225,0.34046186356716046,0.29143888146975266
2024-09-03,0.03313776835947354,-0.1524847761537637,-0.0006050953108000562,-0.017861868402261706,0.3405073718670554,0.29166673105049323
2024-09-04,0.032967284654727355,-0.14925972323615921,-0.0005068643305975099,-0.017936768382943873,0.33729728984999685,0.290582978764978
2024-09-05,0.0329291695593619,-0.14971529753054696,-8.76924938454868e-05,-0.017040245119146716,0.3351702114278251,0.2940829320344464
2024-09-06,0.03287251558836471,-0.14888800477911657,0.00017318271529979772,-0.01699259523164187,0.32351986112892317,0.2958878413610506
2024-09-09,0.03259202357061377,-0.14636668163927405,0.0004141268866971579,-0.016303101422710634,0.32690990982393586,0.29440070735097035
2024-09-10,0.03292179434384835,-0.14644613657995315,0.0002972816504927171,-0.016820566670733342,0.3311085598740595,0.297788965931752
2024-09-11,0.03311721326749163,-0.14401580768171657,0.0004785606203647583,-0.01877830992390089,0.32621059642444006,0.2991599551203183
2024-09-12,0.033626559797907,-0.14854009915619543,0.000887791615065082,-0.018328038481733578,0.3450902292517112,0.30088191350259447
2024-09-13,0.03329056951488011,-0.14741616237110805,0.0005934297056058265,-0.01687849646062726,0.3438140656476756,0.29819478424044515
2024-09-16,0.03374285775145165,-0.1499543379546652,0.0008234383710949836,-0.01710275102305329,0.34488874078028453,0.2992296825010205
2024-09-17,0.033793954233417765,-0.14887631376052335,0.0010059456748899996,-0.016620249408307294,0.3462597273858885,0.29726505343495957
2024-09-18,0.0335740097081705,-0.15065910722123754,0.001459679876108289,-0.01707894472359636,0.34464673220166886,0.29534259466820867
2024-09-19,0.03317118181431307,-0.14687867267778015,0.0018182521579815604,-0.015629714158544233,0.34615396985157876,0.2905396182998613
2024-09-20,0.03360629339357262,-0.14717780027332883,0.0015818170152757487,-0.016523940888090533,0.36091441122932033,0.2898247895498727
2024-09-23,0.03411285814487712,-0.15022557203019962,0.0019240354578753192,-0.01719812000400557,0.3666567963289866,0.2928435245658004
2024-09-24,0.034627990151445354,-0.15277609181961735,0.0015298444384532804,-0.0179759856233784,0.3667088263506857,0.29336540438611536
2024-09-25,0.034700582370488314,-0.15117889540040544,0.0010096941216307998,-0.017347410125908364,0.3691663828663916,0.29088206031738917
2024-09-26,0.03469476296454541,-0.15018849988881924,0.0003952497211976143,-0.01565421395647254,0.3773150971078456,0.29026623244281974
2024-09-27,0.03451387207479902,-0.15081059364103513,-4.5275790199548105e-05,-0.015579134556731586,0.3758998739375222,0.29159039861810715
2024-09-30,0.033985344404921985,-0.15079599230248134,0.00025849711806725725,-0.013608540982861931,0.36183897308549884,0.29451021261250854
2024-10-01,0.034204507440527436,-0.1514091692427689,-0.0006427335458369539,-0.01294597425054964,0.3612985329620194,0.29401386948890235
2024-10-03,0.034478842729604955,-0.15059828538570055,-0.0008852148372700941,-0.011723783406863324,0.340102157701032,0.2998840496013746
2024-10-04,0.03471914651688485,-0.15326268971823775,-0.0006016549384953524,-0.013054487115572373,0.33077546182088735,0.30302106933840495
2024-10-07,0.03484552560149436,-0.14779917455754482,-0.0010441235017588583,-0.012625541497444888,0.3220265866522847,0.30076501477919443
2024-10-08,0.03578485612474545,-0.1554902646153373,-0.0004653448017276692,-0.01461609869349241,0.3307942339557539,0.3031265907895711
2024-10-09,0.03627167193576801,-0.15734886611013624,-0.0010635962781183192,-0.015090340260990284,0.3295468432277673,0.3053279519042164
2024-10-10,0.03589326439989273,-0.1577167108500406,-0.001053307688257883,-0.014662009753950472,0.33020732011271803,0.3012909997351926
2024-10-11,0.036056308441925,-0.1605953084709907,-0.0008523156381549465,-0.015568660542195103,0.32883926650064244,0.30420202418593567
2024-10-14,0.0362881291481427,-0.15982804613345142,-0.0005649776707797178,-0.01618159708109515,0.3353966122550712,0.3041415942702576
2024-10-15,0.03632515260671514,-0.15900884031719076,-0.0006678854838694071,-0.015915966250137515,0.3325870073501743,0.30774913434737217
2024-10-16,0.036114334624159236,-0.156973057870644,-0.0003563237292606264,-0.015855414938642783,0.32915293194050665,0.3075371701951106
2024-10-17,0.03588187140302304,-0.15680908729700982,-0.0011232872065215225,-0.016286254885747465,0.3202847046176721,0.30653612244724254
2024-10-18,0.03604820207656855,-0.15756733633815476,-0.0014360377808327759,-0.014619633169157157,0.32449487855891224,0.3080053963082258
2024-10-21,0.037006278023788496,-0.1532644198556236,-0.0008181270791959396,-0.017754434344349368,0.32155969618091396,0.3039738137112389
2024-10-22,0.03690714561012229,-0.14799055644403608,-0.0007961860843622541,-0.01781959891109135,0.3090905158430446,0.3043174398210625
2024-10-23,0.036597524158669126,-0.1492340593528289,-0.0007297628262179241,-0.01923559945921467,0.3075949510995528,0.30422197821738833
2024-10-24,0.03687483757866738,-0.15154827764231146,-0.0009282876496218588,-0.017311285259151023,0.3061176083246966,0.3077747063751244
2024-10-25,0.037582764366450014,-0.14050872889998572,-0.0018307377955441948,-0.018852599603937297,0.2971583877752034,0.30465376476903
2024-10-28,0.03742696020511796,-0.1401989368176445,-0.00185961188155074,-0.01524727639773649,0.30370695540981163,0.30347979231917027
2024-10-29,0.03725782816808431,-0.1443070374452347,-0.001822756470205044,-0.01644170719617163,0.30895361425782075,0.3036128772021367
2024-10-30,0.03662454901257467,-0.14522349735768808,-0.0016260212505334734,-0.01607871218326713,0.3038037890039915,0.30547069250545544
2024-10-31,0.036534555601789684,-0.1456670850463284,-0.0010774729488154254,-0.016366890221089666,0.29823701536319747,0.3040846429832012
2024-11-01,0.036734075901755515,-0.14804924590466356,-0.0009142127842133831,-0.01609557337521793,0.3023270203248136,0.30414232455441587
2024-11-04,0.03683060385654488,-0.14611612916568797,-0.0014563165448401069,-0.016172616233029735,0.2896132466601685,0.30174517583725663
2024-11-05,0.03658252756259144,-0.146701047190865,-0.0014064920526989854,-0.01627316941445394,0.2986963054787758,0.29909713389695797
2024-11-06,0.037200746391895384,-0.1491726847936769,-0.0018937486017738814,-0.01654668841050145,0.3098781762384063,0.30100544838950916
2024-11-07,0.03698412948816975,-0.1447702654262552,-0.0018750998223372856,-0.018562956945136433,0.2982501505322587,0.2972053901928522
2024-11-08,0.036845409770218454,-0.14124635673143537,-0.0023034512980142936,-0.017179350698146505,0.2961364412197909,0.2950536855357856
2024-11-11,0.03781530854745393,-0.1442315498662513,-0.0029331098251746137,-0.016387997890337347,0.29585077033238805,0.29945323093618875
2024-11-12,0.03788252983395283,-0.14501016674333939,-0.002949837423858306,-0.01548701775952192,0.28516983955585473,0.3035495749751531
2024-11-13,0.03767930151908804,-0.14175091902405046,-0.0029329699957354677,-0.014988903116910283,0.2715872772329333,0.30357916131149476
2024-11-14,0.038197388386998356,-0.14375100432076032,-0.0026780169690493673,-0.016886313417166166,0.27046874479524385,0.30571826388461026
2024-11-18,0.037981670917118356,-0.145074472890041,-0.0024295495767539615,-0.017597649063919783,0.26711602963211734,0.30208554000932936
2024-11-19,0.03841679315341667,-0.14429474953633342,-0.0024767165388785446,-0.0162716575531576,0.2698746110387491,0.3049455405126976
2024-11-21,0.03974445082939885,-0.13402353230698993,-0.003019220755036114,-0.016036585944441583,0.26270580310563263,0.2978665034750484
2024-11-22,0.03948022425553848,-0.1324987994592087,-0.003416202851977699,-0.014095090701241951,0.28657526721687043,0.29696828945203063
2024-11-25,0.0398446997269116,-0.1374399148734937,-0.0028754841309805283,-0.014448688847842651,0.2997365630842328,0.2973172071652443
2024-11-26,0.039880688226104556,-0.13632794416868563,-0.002619980315093875,-0.015331995898995282,0.2986053392668149,0.2954787747234312
2024-11-27,0.03975087760996585,-0.14295255248526417,-0.002704599361807665,-0.016114678391583273,0.301928424704621,0.2986910212204003
2024-11-28,0.039798712698976085,-0.14451948834279743,-0.0022472157937369532,-0.01601249741351016,0.28706739565012807,0.3022897514397413
2024-11-29,0.03973838365504577,-0.14328880783083317,-0.0021894099286650284,-0.014706774068929316,0.2961393975906633,0.30407016309592494
2024-12-02,0.04004453270692464,-0.14369370654880995,-0.0025842149275922374,-0.013610819790687873,0.3021462175956119,0.30983464258505194
2024-12-03,0.03997231614826273,-0.14749255005163808,-0.0026544685827912017,-0.013931353490139827,0.3096062287402118,0.3087777939559119
2024-12-04,0.03975303336237657,-0.14682636309569075,-0.002522964690812962,-0.012909518934211139,0.3100273255548657,0.3072837478495055
2024-12-05,0.03990233847199866,-0.14726954560878774,-0.0025885214061605057,-0.011615540606160686,0.3198751511177508,0.3104622411015107
2024-12-06,0.04004791990096717,-0.1466594964602808,-0.002593668176120348,-0.012089974137161369,0.3186367217216248,0.31061334371118055
2024-12-09,0.040321291187364945,-0.14731994162065493,-0.002636079523074619,-0.012450272385498153,0.31625398179389685,0.31269291786398856
2024-12-10,0.04026040176622047,-0.14753861698620144,-0.0029432862304506905,-0.012283078955491558,0.31589047317250685,0.310765093516077
2024-12-11,0.04015377719495019,-0.14742802910762157,-0.00303954308432329,-0.012332849649152055,0.31718059647547003,0.3107682174013704
2024-12-12,0.04028832867891805,-0.1482846169771403,-0.003261380532262425,-0.011960974056775531,0.3134024000958109,0.31449371427602857
2024-12-13,0.04018796365333582,-0.14547058434035634,-0.0030168070469168916,-0.011442518098286196,0.3223479479043998,0.3154937318228108
2024-12-16,0.04032577739101511,-0.14554257811450635,-0.002888472383763992,-0.01191906267393732,0.31830847898266657,0.3159691184490661
2024-12-17,0.04025103469432559,-0.14440606811596565,-0.0030226004010764597,-0.012587767834095761,0.30483974893493315,0.31479814251488186
2024-12-18,0.040300070211230526,-0.14171920279540895,-0.003204349250974206,-0.011219384419513301,0.2992040491229262,0.31623574586842357
2024-12-19,0.04064784878453889,-0.14091319442291345,-0.0032089069066946726,-0.010965299182758653,0.28899073755586513,0.32101175057397513
2024-12-20,0.04020012414121575,-0.13541099150923785,-0.003038387699798879,-0.010262539760321586,0.2737851684050595,0.32114087528524976
2024-12-23,0.040145644569463075,-0.1362770930606028,-0.002865009988124127,-0.010149481508973572,0.2808206413780324,0.3221033983222912
2024-12-24,0.04012746596412197,-0.1352857020621113,-0.002882119222536407,-0.00979140021500521,0.27973453266651804,0.3213449266236935
2024-12-26,0.04053078649039016,-0.13801595082801782,-0.00322061588887315,-0.01039290318544336,0.28068485129283716,0.3243334502716111
2024-12-27,0.04033088376186021,-0.13464771130005562,-0.0034165394212618493,-0.008802386155020004,0.2833459309449652,0.32149267253596747
2024-12-30,0.04003417102405893,-0.13617422420267228,-0.0035895380655175976,-0.009979568633008215,0.2762700830090973,0.325219547088892
2024-12-31,0.040151877298736885,-0.1379225484377392,-0.003355096023475439,-0.009806862755470073,0.2762658702878189,0.3269407474619505
