Risk,Return,Type
0.15411869993828045,0.1298752323689181,Simulated
0.12628827183230712,0.12999346364988426,Simulated
0.1326619090448797,0.12975928109705184,Simulated
0.12681445718905127,0.13064494642434007,Simulated
0.12647820045439448,0.13133633746135942,Simulated
0.13785731080082653,0.129737124893512,Simulated
0.13461157582122718,0.12725082329559637,Simulated
0.13612871830835394,0.13119372587218645,Simulated
0.12860639654730374,0.12999005250702603,Simulated
0.11720327821434268,0.1306382954622132,Simulated
0.1315353622274743,0.13077932324263394,Simulated
0.12466323980538524,0.1322164721069153,Simulated
0.13541569740208304,0.1340993622319005,Simulated
0.1365000212733246,0.12992793068738925,Simulated
0.1590522512922052,0.13074543889444865,Simulated
0.1270225422466255,0.12926444239829157,Simulated
0.12948775126037823,0.13152885764264896,Simulated
0.1230844076462917,0.13057428475929697,Simulated
0.14395613429608115,0.12870593588842352,Simulated
0.1202394934063086,0.12986836626684253,Simulated
0.12412718075301675,0.13124290194980065,Simulated
0.13083249683176806,0.13122137800785266,Simulated
0.12605431947252443,0.13149913928433712,Simulated
0.13107377235655165,0.12948779045387826,Simulated
0.13320877290240196,0.1328576423937442,Simulated
0.1186749824030068,0.13168475606519137,Simulated
0.1195853380723151,0.13121726488062005,Simulated
0.12571871146124,0.12973128889589344,Simulated
0.12320469177500114,0.13367000587265868,Simulated
0.13936452604352717,0.130515279187982,Simulated
0.12507283399232827,0.13127330087597053,Simulated
0.11623445156103802,0.13045728311331284,Simulated
0.12166371768858394,0.1318190663909059,Simulated
0.12402566287741698,0.1292741145740762,Simulated
0.12080874005784713,0.13058798566713703,Simulated
0.12983709462492124,0.13068949026918728,Simulated
0.14179092443080155,0.12869093180515592,Simulated
0.12936498896102092,0.13119848681526025,Simulated
0.1349420762478966,0.12940051137484856,Simulated
0.1271852398114754,0.13056278917085964,Simulated
0.11504621864001104,0.1296210855639979,Simulated
0.13737214214722165,0.13113119393568945,Simulated
0.1302974402808607,0.1308892014618129,Simulated
0.11768802323441548,0.1290506168283573,Simulated
0.1182716004505399,0.12996430268967452,Simulated
0.11923822818516078,0.12962573454432802,Simulated
0.12525985205140375,0.1282230798226505,Simulated
0.11795888696462355,0.13100894333170515,Simulated
0.1271045704846049,0.13163837528938455,Simulated
0.12767554782880067,0.13424689773107917,Simulated
0.12922571113341005,0.13312628487560715,Simulated
0.1259047369394042,0.13073504483126283,Simulated
0.15966555759217127,0.12832085245345726,Simulated
0.13133229824600196,0.13053107394541277,Simulated
0.11677235318278278,0.13028867628776017,Simulated
0.13163696775718411,0.13123579825049259,Simulated
0.12131512849311243,0.1304994547992329,Simulated
0.13115535403791848,0.12793538704759666,Simulated
0.11581544696437225,0.13077345944776178,Simulated
0.1330682722705784,0.13214374918174407,Simulated
0.12896361221214006,0.130714486776608,Simulated
0.11954412449895903,0.1307779539616762,Simulated
0.12885679336961658,0.13213384432373923,Simulated
0.12277623090465915,0.13143315804724226,Simulated
0.12657016701750148,0.1324198478446908,Simulated
0.12141102782320251,0.13132433362937687,Simulated
0.13054853005542294,0.12985320272313172,Simulated
0.14893858564359583,0.13013740402135843,Simulated
0.11736379926176155,0.13192401735969736,Simulated
0.11782751876565102,0.13037200887806852,Simulated
0.12454831983588803,0.13113554362751434,Simulated
0.12220640722737035,0.1310272303862002,Simulated
0.1260040314420979,0.13113923406208935,Simulated
0.13845838025146232,0.12918881665537757,Simulated
0.13599232436760236,0.13222653516482077,Simulated
0.11910984045164263,0.13054093731652894,Simulated
0.12137944536606457,0.1283396231729465,Simulated
0.12777359926030984,0.13261128395950184,Simulated
0.13998790873495864,0.1297579455327627,Simulated
0.1403555680544834,0.1295697509248646,Simulated
0.1371754862209351,0.13043481439870167,Simulated
0.11623940182943093,0.13099795096377334,Simulated
0.13903887231702097,0.13009491915768642,Simulated
0.12750739674825204,0.1305008791845627,Simulated
0.1262267594515495,0.13065875277697908,Simulated
0.12460172228408162,0.12875236522478747,Simulated
0.12445072185790163,0.12905795866847344,Simulated
0.12645973862610924,0.13025553419851682,Simulated
0.12138252133642745,0.13099202047712616,Simulated
0.14989638964846172,0.1299136865050866,Simulated
0.1283092841426053,0.13143203088616184,Simulated
0.11528846805566906,0.1306389222866936,Simulated
0.13336688397380173,0.13071300193752458,Simulated
0.1224709896523587,0.1307562168018755,Simulated
0.12341407536731515,0.13168029041706475,Simulated
0.134354545304821,0.12831669713067262,Simulated
0.12275121739604933,0.13191074638438716,Simulated
0.12481327323113493,0.13330370843856368,Simulated
0.12615930216500632,0.12886791174674553,Simulated
0.1319607580437365,0.1308324427537208,Simulated
0.12460724365506573,0.13241445689035208,Simulated
0.1433069587121105,0.1317501807412075,Simulated
0.12765426182078862,0.130397692626311,Simulated
0.13017026906470142,0.12986759831200068,Simulated
0.13006757950704667,0.13133395778667556,Simulated
0.128796738510601,0.13064912111750843,Simulated
0.12904126316875877,0.13020382764003405,Simulated
0.12670376858184837,0.13078203555967838,Simulated
0.14142096345183758,0.12888912290894675,Simulated
0.13652144694380494,0.13210339375947816,Simulated
0.12242739199208348,0.12968573746505768,Simulated
0.12748953384027759,0.13180694617541935,Simulated
0.12543380624506134,0.1301270387266277,Simulated
0.12920103176353934,0.13117390663233255,Simulated
0.1312958550516548,0.12990981797643056,Simulated
0.1189563609942025,0.13019440508655364,Simulated
0.13401231318696438,0.12962675499613802,Simulated
0.12264040753154636,0.130849751593835,Simulated
0.1306732299392676,0.13009506297329732,Simulated
0.1247068188081621,0.1292267147869217,Simulated
0.11953387640572168,0.12890177426808616,Simulated
0.13148829785226776,0.12867052488827785,Simulated
0.12141458765272387,0.13104217442301586,Simulated
0.14053207179926402,0.13243855009362568,Simulated
0.13193948666959882,0.13043300122190563,Simulated
0.13276727700050758,0.13581002968996028,Simulated
0.11776632987418224,0.12957336827010463,Simulated
0.13106874828352036,0.128598224894499,Simulated
0.12407771843873781,0.13054338288838402,Simulated
0.12515540219313767,0.13106775324591563,Simulated
0.12171302628231194,0.13072003978591826,Simulated
0.13182793868817574,0.13169674176667123,Simulated
0.13132328191812487,0.12774216177115594,Simulated
0.12385090250828393,0.12825757145118805,Simulated
0.12789910576920388,0.1303166251348935,Simulated
0.15656576587893542,0.13196188044780838,Simulated
0.11941002984402319,0.13130757626886075,Simulated
0.1397268738679369,0.12943468222040694,Simulated
0.13453964384190156,0.13378784848295763,Simulated
0.117964360372264,0.12890387383267493,Simulated
0.1494990294742988,0.12832690736156038,Simulated
0.12502578674660275,0.12984879641566124,Simulated
0.12241294757523265,0.13042533940275103,Simulated
0.1314391444687838,0.13065848273339364,Simulated
0.1178972569427117,0.12949751154562592,Simulated
0.12725894683843914,0.13149089631066432,Simulated
0.1433784559570552,0.13224374501677055,Simulated
0.13912515562048072,0.13070506816899813,Simulated
0.14800925577172058,0.1288233129016831,Simulated
0.13114427844262233,0.13072025946586152,Simulated
0.11481623426827543,0.13081579532320697,Simulated
0.12027188355370377,0.13021659081654618,Simulated
0.12423950232183721,0.13103568119119177,Simulated
0.13364770344064142,0.13102348336393535,Simulated
0.11964069336140867,0.13199096588541995,Simulated
0.12524832461496796,0.13176810227518182,Simulated
0.13475031755570313,0.13101600649347614,Simulated
0.13545671814705088,0.12982060595543574,Simulated
0.12583710849500487,0.13261408347861908,Simulated
0.1342215120313826,0.12823728225537614,Simulated
0.11700589887366741,0.13155200611150777,Simulated
0.13473275107503183,0.12991411655115534,Simulated
0.12456274441666118,0.12864500176625868,Simulated
0.12672003240609292,0.13128979230333096,Simulated
0.1312371012607908,0.13189099050351558,Simulated
0.13469589596351317,0.12869567861128944,Simulated
0.13484996564157406,0.1317178201494243,Simulated
0.13080637461065717,0.12948626623687048,Simulated
0.14123548876297612,0.13020735885080367,Simulated
0.12392614023939783,0.13254928183106207,Simulated
0.11637462473301316,0.1288270911958986,Simulated
0.14226212195817517,0.13044054064354527,Simulated
0.12352113778072911,0.13128087787470627,Simulated
0.12222101203373983,0.1289332237354684,Simulated
0.1393470638727193,0.1310468959558998,Simulated
0.12214088425894781,0.13002474492796343,Simulated
0.1380085974065678,0.13081635138051004,Simulated
0.12450598677822225,0.13133916410810617,Simulated
0.12545205182014355,0.1308404584407691,Simulated
0.12915731354701843,0.13100636211545094,Simulated
0.13086004994675618,0.12949946272032611,Simulated
0.13006871184306898,0.13136601035095666,Simulated
0.13921631157771677,0.1288487727593217,Simulated
0.13140486170463586,0.130511331151379,Simulated
0.14960794252194082,0.1293142891704068,Simulated
0.13656761005395293,0.13017627261840958,Simulated
0.12795081144828846,0.13069738090783892,Simulated
0.14048716362799799,0.12977357119906321,Simulated
0.13453676358416852,0.12788896641890965,Simulated
0.13630568432729634,0.12784068861641565,Simulated
0.1308303848046399,0.131175689167772,Simulated
0.14075457644873438,0.13106180626569477,Simulated
0.15683294437695044,0.1286997086394389,Simulated
0.12088216197278295,0.12931822970158005,Simulated
0.1304567259348324,0.13115124745836051,Simulated
0.13010751935398537,0.13095422280197305,Simulated
0.12934565006542648,0.13132597467408136,Simulated
0.12575927602883336,0.13035325778933093,Simulated
0.12085302641657289,0.12917663925437378,Simulated
0.13463373488711575,0.13008351304364202,Simulated
0.13300160823364435,0.13039504190700077,Simulated
0.12563783584948224,0.129450172307815,Simulated
0.1407346212491496,0.1313878065714421,Simulated
0.12725950206191192,0.1318852267268579,Simulated
0.13133306991840019,0.1310644282088894,Simulated
0.13343627169843553,0.12928917322588276,Simulated
0.14638623363390668,0.13039528303262785,Simulated
0.13127890971547804,0.1301399247635388,Simulated
0.133132172938488,0.13010638336405,Simulated
0.11538049620925132,0.12778032887259277,Simulated
0.12388777298803857,0.1298574850951095,Simulated
0.12612195294166959,0.1327949089710582,Simulated
0.12396251454134014,0.13129001672769328,Simulated
0.12401867561230619,0.13105468393746422,Simulated
0.12586798014465786,0.12736342509278353,Simulated
0.12415302662515318,0.13136595871223733,Simulated
0.12549540993141517,0.12981109398000745,Simulated
0.11908868328792396,0.12988894537793014,Simulated
0.1262529155555667,0.13343604117440458,Simulated
0.12396424070955431,0.13039348325398717,Simulated
0.12275891982687674,0.12893995829731292,Simulated
0.13266631515714444,0.12996001616340022,Simulated
0.12636068075537732,0.13204444407527727,Simulated
0.12735333683245906,0.13055390559782917,Simulated
0.13154493827398167,0.13076228515093904,Simulated
0.11780032677541406,0.13058251936452847,Simulated
0.11638645803876303,0.12852215137771225,Simulated
0.12124679335502181,0.1301209471757481,Simulated
0.12729511489828255,0.12980275478218467,Simulated
0.12825239851728706,0.13281885939972776,Simulated
0.12137831113393706,0.13098822938415602,Simulated
0.13425048373149095,0.13003855179030793,Simulated
0.1404540979077925,0.1297307712868032,Simulated
0.14722198490352514,0.1295995219879725,Simulated
0.13552778369269863,0.13187102533385645,Simulated
0.1131040080359704,0.13293502874019603,Simulated
0.12035093321926439,0.13222405148708521,Simulated
0.13967023913359633,0.13290538797084034,Simulated
0.14872290445481998,0.12904865636015705,Simulated
0.11959169357304207,0.12990114856300145,Simulated
0.1358330040233786,0.13132874662117916,Simulated
0.1157332582632827,0.12999738679485376,Simulated
0.15138781926459238,0.12761176364251103,Simulated
0.12335671206661836,0.1304063695469444,Simulated
0.12848969407379576,0.13075308513222536,Simulated
0.11941482457073084,0.13056335673782482,Simulated
0.11757941539135562,0.13098232858748227,Simulated
0.11930523604766162,0.12985874177794182,Simulated
0.12456545353262452,0.13011009727806552,Simulated
0.14823516968480874,0.1302767508886829,Simulated
0.11922979844282992,0.132057431378256,Simulated
0.12168109905240172,0.13082568926779603,Simulated
0.15266566459285866,0.12854426660320528,Simulated
0.12372900184645035,0.13109584163211593,Simulated
0.13647160034818867,0.12880065592462017,Simulated
0.12386354531406903,0.1316501843844708,Simulated
0.1229266479006988,0.1305978398691893,Simulated
0.12111326863668011,0.12985093238544285,Simulated
0.13699977206563324,0.13077398498795356,Simulated
0.11854097692245481,0.1290976058583732,Simulated
0.12158446919909363,0.131301622550899,Simulated
0.12365564430657712,0.1301119556894204,Simulated
0.12756871197348424,0.13075977005481948,Simulated
0.1270284297967842,0.1316034855069097,Simulated
0.1273172122305002,0.1306314960673099,Simulated
0.14923438844428483,0.12938183469879946,Simulated
0.1364310025912916,0.12907265534417042,Simulated
0.12417824284178258,0.12835153642956298,Simulated
0.1508450005310638,0.129979113087724,Simulated
0.12686803992284296,0.12950184554754518,Simulated
0.12789323792036494,0.13207027358994805,Simulated
0.12156803959421628,0.1307698098278403,Simulated
0.13336916624721656,0.13280952411999766,Simulated
0.12636657036835433,0.13034503068596998,Simulated
0.12594360961972573,0.13111024554746517,Simulated
0.12649062824518803,0.13182723023991155,Simulated
0.12477066875888809,0.1284750045618302,Simulated
0.11958197365488962,0.12895961957175367,Simulated
0.12265419348682943,0.13180185063903907,Simulated
0.11750848412365832,0.13280549111514586,Simulated
0.1256776419996139,0.12888700638896433,Simulated
0.12558090979140607,0.1295544912491524,Simulated
0.11698962644916172,0.1294103734492052,Simulated
0.14015303195957757,0.12984606781678723,Simulated
0.11832550738043976,0.13232460523983122,Simulated
0.13902191194692387,0.13075752857293513,Simulated
0.12463305986579011,0.13048804552679583,Simulated
0.13367598642639164,0.13010355499053614,Simulated
0.13663385102808315,0.13176719107100257,Simulated
0.12231346161964068,0.13201332298859844,Simulated
0.11345909841332723,0.12952961654232006,Simulated
0.13474548958604562,0.1306942709728482,Simulated
0.12131943914688484,0.13075561555754536,Simulated
0.12181519889583772,0.13054746387375665,Simulated
0.13204807322810058,0.1315446784076294,Simulated
0.11859048147655496,0.13089240321728332,Simulated
0.13226374541559258,0.13124799436502793,Simulated
0.13126191759404157,0.13071807413807507,Simulated
0.1077412962807445,0.12985040724315164,Simulated
0.13162824212757265,0.1324503176846279,Simulated
0.10722112112732732,0.13111271437864813,Max Sharpe
0.10713021317214436,0.13092662111671455,Min Vol
