Date,Portfolio,Return,Sharpe,Drawdown,EqualWeight_Cum,Benchmark_Cum,EqualWeight_Return,Benchmark_Return
2024-09-17,10035.476251592021,0.0035476251592020513,-0.48406562379063406,0.0,9994.39599677855,10013.70986605604,-0.0005604003221448367,0.0013709866056039743
2024-09-18,10022.951001887506,-0.0012480971894611472,-0.48406562379063406,-0.0012480971894611233,9973.346073526818,9997.557800265919,-0.0021061726249908064,-0.0016129951842196455
2024-09-19,10063.95580567575,0.004091090915292703,-0.48406562379063406,0.0,9960.636696729713,10012.62649578963,-0.0012743342809332576,0.0015072376499098983
2024-09-20,10192.899265330154,0.012812403208456257,-0.48406562379063406,0.0,10127.326269036723,10160.417282217955,0.016734831053695352,0.014760441377741573
2024-09-23,10297.65142257825,0.010276973657965939,-0.48406562379063406,0.0,10226.244756466333,10218.762311025755,0.0097674830258055,0.005742385099666292
2024-09-24,10267.271319226256,-0.00295019729308217,-0.48406562379063406,-0.0029501972930822164,10211.124031563753,10219.293993450536,-0.0014786194994028628,5.2030021699067674e-05
2024-09-25,10273.512802746858,0.0006079009043927219,-0.48406562379063406,-0.0023440898162922514,10218.003452900295,10244.408485990052,0.0006737183208504072,0.0024575565157058943
2024-09-26,10325.109865305114,0.00502233885808375,-0.48406562379063406,0.0,10304.5130227488,10327.887243315112,0.008466386828627421,0.008148714241454025
2024-09-27,10344.614388446633,0.001889037830683153,-0.48406562379063406,0.0,10298.53944553192,10313.270977987884,-0.0005797049509949388,-0.0014152231703233875
2024-09-30,10268.653411612164,-0.007343045761020167,-0.48406562379063406,-0.007343045761020087,10193.98504217359,10168.257097306348,-0.010152352565265085,-0.014060900852023384
2024-10-01,10204.11956110519,-0.006284548510907647,-0.48406562379063406,-0.013581446544624762,10198.500793144927,10162.761763185108,0.0004429819106712506,-0.0005404401234794243
2024-10-03,10088.287089330432,-0.011351540040384503,-0.48406562379063406,-0.024778816250751703,9995.748006848871,9947.348051164623,-0.019880646225211702,-0.021196375260987388
2024-10-04,10037.925698998586,-0.00499206553956106,-0.48406562379063406,-0.02964718431559631,9931.822944091808,9854.57216107746,-0.006395225521218091,-0.009326695880144675
2024-10-07,9878.38442099578,-0.01589384926596158,-0.48406562379063406,-0.04506982570288567,9802.789720648141,9768.355739400205,-0.01299189727505397,-0.008748875168602677
2024-10-08,9919.555736271315,0.004167818695942619,-0.48406562379063406,-0.04108984986913042,9917.185894342578,9854.001237258086,0.011669756972699138,0.00876764730346924
2024-10-09,9892.203297680682,-0.002757425767629742,-0.48406562379063406,-0.043733973425942915,9915.4237143883,9841.709447481162,-0.00017768951525695754,-0.0012473907279866303
2024-10-10,9864.16948687729,-0.002833929910231918,-0.48406562379063406,-0.046443964320789725,9947.02319365043,9848.209669079624,0.0031869015558333358,0.0006604768849507447
2024-10-11,9888.041168835704,0.002420039719529524,-0.48406562379063406,-0.044136320839648954,9931.282995982336,9834.736790269362,-0.0015824028316473449,-0.0013680536120755926
2024-10-14,9912.948022060486,0.002518886481104017,-0.48406562379063406,-0.04172860874043353,9957.104987810008,9899.226559806959,0.0026000660577408527,0.006557345754428789
2024-10-15,9916.454222741402,0.0003536990886176234,-0.48406562379063406,-0.041389669022696626,9940.865002796205,9871.41364430984,-0.0016309946549408411,-0.0028096049048969007
2024-10-16,9901.63400842072,-0.0014945074103901732,-0.48406562379063406,-0.0428223192660188,9892.543140331396,9837.514465455257,-0.0048609313627350145,-0.0034340754096676696
2024-10-17,9790.802724545943,-0.01119323172120091,-0.48406562379063406,-0.053536230844835865,9779.971982537654,9750.273150883926,-0.011379395186541663,-0.008868227322834543
2024-10-18,9872.38436100104,0.008332476789729206,-0.48406562379063406,-0.0456498434560308,9801.438968965409,9791.323496823752,0.0021949946754536835,0.004210173941240125
2024-10-21,9815.877314025754,-0.005723748682081865,-0.48406562379063406,-0.05111230390679403,9729.031835577383,9762.584176638595,-0.007387398280731122,-0.00293518237799828
2024-10-22,9717.900543562702,-0.009981458338222577,-0.48406562379063406,-0.06058358691300044,9572.376872404238,9640.852753976458,-0.016101803943151253,-0.012469180337869368
2024-10-23,9626.580179540502,-0.009397128897629262,-0.48406562379063406,-0.06941140403532743,9551.540261493024,9626.434234500415,-0.0021767436853936716,-0.001495564743491773
2024-10-24,9581.845643801915,-0.004646981057059322,-0.48406562379063406,-0.0737358316126907,9544.631235173933,9612.212691436447,-0.0007233415899365537,-0.0014773427748562273
2024-10-25,9518.46867798294,-0.006614275388580256,-0.48406562379063406,-0.07986239790497868,9444.63257239017,9526.094757965231,-0.010476954040429354,-0.008959220549493163
2024-10-28,9641.438430935665,0.012919068929350287,-0.48406562379063406,-0.06797507679902594,9527.142435470058,9588.477033781453,0.008736164424341024,0.0065485676346082045
2024-10-29,9723.626399858329,0.008524450942812983,-2.5050484268861037,-0.060030076063720135,9579.37817657012,9638.784501649674,0.0054828340663394416,0.0052466588480091225
2024-10-30,9654.283439742101,-0.007131388770473321,-3.2547531917494554,-0.06673336702386198,9551.975528147368,9589.14644580686,-0.0028605873907115616,-0.005149825253829232
2024-10-31,9626.456293763871,-0.0028823626478250612,-3.368630389304079,-0.06942337990721387,9497.886561839856,9535.765838134628,-0.005662594732170817,-0.005566773640794054
2024-11-01,9687.911654731293,0.006384006647101445,-3.1757030282621845,-0.06348257257890427,9563.751085565837,9574.76716772541,0.006934650492732614,0.004090004961616156
2024-11-04,9540.491195379385,-0.015216949184286946,-5.200117202083645,-0.07773351068217028,9439.662830918203,9453.035745063275,-0.012974851973606243,-0.0127137736646451
2024-11-05,9624.124736213957,0.008766167183832007,-5.36744450459449,-0.06964876844876443,9518.054220660966,9538.89822475008,0.008304469253499511,0.00908305881860727
2024-11-06,9664.563358110812,0.0042017973587449645,-4.792837473380631,-0.06573962110132736,9669.346076041715,9645.560951888505,0.015895250423383495,0.011181870759630508
2024-11-07,9540.653391093958,-0.012821062103428107,-5.569497601425276,-0.0777178314399596,9566.835107178327,9533.402121189732,-0.01060164441909729,-0.011628025706147627
2024-11-08,9534.830085984797,-0.0006103675367346321,-6.05298786945738,-0.07828076253535783,9552.176155467627,9513.251280346674,-0.0015322676252358621,-0.002113709312467793
2024-11-11,9500.31040668725,-0.0036203769743404115,-6.478821837012988,-0.08161773363948133,9539.71335615169,9510.53362141133,-0.0013047078606066537,-0.00028567088740283353
2024-11-12,9412.921845250945,-0.00919849538545512,-6.5691972631797615,-0.09006546867868244,9431.489892932685,9408.952270153144,-0.011344519397872383,-0.010680930776533315
2024-11-13,9315.381677302772,-0.010362368832094898,-6.765605409900593,-0.09949454590529333,9296.978296700565,9281.154589550395,-0.014261966853499387,-0.013582562322921432
2024-11-14,9241.902422629018,-0.00788794890206038,-6.616796891530726,-0.10659768691321907,9285.9332656565,9270.773317082774,-0.0011880237526190266,-0.0011185324376894457
2024-11-18,9240.015886235591,-0.00020412857733770762,-6.2773912998658625,-0.1067800558563798,9251.072341113073,9239.691054808682,-0.0037541648799435264,-0.0033527151631265184
2024-11-19,9294.771710086621,0.005925944773817517,-4.921988774776702,-0.10148688379651227,9267.260722218038,9265.179494755497,0.0017498923917198498,0.002758581406631766
2024-11-21,9192.17804220655,-0.01103778243081959,-5.956885982002994,-0.11140447608440399,9057.708456943408,9198.759202491747,-0.022612104218912597,-0.007168807933116472
2024-11-22,9394.405632029408,0.02199996441477913,-3.574036564199071,-0.09185540617912892,9264.618391179065,9418.328655143541,0.022843518889929124,0.023869464111237804
2024-11-25,9562.371266073687,0.017879325273290166,-2.1290770746981553,-0.07561839359102572,9375.954384966897,9542.286065149943,0.012017331862673977,0.013161295867362366
2024-11-26,9505.663118183802,-0.005930343668110832,-2.5973628355734255,-0.08110029419751136,9325.854090633213,9531.49160388043,-0.005343487422892383,-0.0011312238174179257
2024-11-27,9510.649642665456,0.0005245845996912687,-2.7162951330066627,-0.08061825356318651,9477.051840417096,9563.165564829857,0.016212750951759294,0.003323085437806128
2024-11-28,9411.264671919123,-0.010449861416457191,-3.279970018918967,-0.09022566540227163,9389.92380793287,9421.047083517993,-0.00919357981272711,-0.014861029054492936
2024-11-29,9533.093931648344,0.012945046598543761,-2.37979559660969,-0.07844859424674491,9490.786487299074,9506.514840941543,0.010741586559093602,0.009072001940535257
2024-12-02,9569.72712405355,0.003842739059099109,-1.5943760987760573,-0.0749073126648891,9556.241699222772,9563.618764465451,0.006896711037730354,0.006006820004948565
2024-12-03,9654.016298719975,0.008807897401229012,-1.5658933902455088,-0.06675919118821412,9633.24400616674,9634.96346703107,0.008057802362850535,0.007460011144599932
2024-12-04,9684.062348777486,0.003112284993914435,-1.0870143504491414,-0.06385467982324061,9634.89734778511,9639.020719456343,0.00017162874908084353,0.00042109681465385407
2024-12-05,9765.459256960214,0.008405244127016901,-0.08295333125938087,-0.05598614986879059,9742.030771530004,9733.944114098584,0.011119311382131205,0.009847825562885104
2024-12-06,9741.719919948682,-0.002430949368265452,0.30433358922305637,-0.05828099974140096,9736.679425272087,9721.889311567436,-0.0005493050046152488,-0.0012384293961259507
2024-12-09,9681.28474256531,-0.006203748196416078,0.21672446386070401,-0.064123187290786,9713.76472439625,9698.724577731813,-0.002353441032099932,-0.0023827399277279726
2024-12-10,9683.567829803513,0.00023582482066286534,0.6034173908577961,-0.06390248430926629,9694.165784114311,9695.19900773132,-0.002017646179211495,-0.0003635086213900074
2024-12-11,9666.553428634577,-0.001757038466397612,-0.22737485237008956,-0.06554724365263419,9687.857382502993,9707.70700989806,-0.0006507420805260906,0.0012901233029631864
2024-12-12,9574.02822699742,-0.009571684708541098,-1.2715745351867875,-0.07449153081141832,9660.58034731473,9671.029386418473,-0.0028155900847101904,-0.003778196379659149
2024-12-13,9663.045221486833,0.009297757681390384,-0.3202641721578857,-0.06588637733282833,9751.813779378112,9757.542042152949,0.009443887301112402,0.008945547808588916
2024-12-16,9596.89828998764,-0.006845350506288587,-0.5428999585165054,-0.07228071249268404,9704.43592245405,9718.126754321165,-0.0048583635819883925,-0.004039468921733236
2024-12-17,9492.616212332197,-0.010866227243883426,-1.5033466860063014,-0.08236152108927217,9593.886770213967,9587.23592849756,-0.01139161030310831,-0.013468730047733413
2024-12-18,9416.249229915258,-0.008044882539096843,-1.136807767483894,-0.08974381486546447,9516.828777439763,9533.205144777658,-0.008031988975880554,-0.005635699812006956
2024-12-19,9351.517209492324,-0.0068745016027488524,-2.0637744295039995,-0.09600137246908388,9405.141575953081,9435.839550401333,-0.01173575821301352,-0.010213311567061067
2024-12-20,9253.321901939513,-0.010500468036687931,-2.8885514819684164,-0.10549378116268199,9251.074846025336,9292.3622396218,-0.016381117571016693,-0.01520556915080562
2024-12-23,9330.515785476447,0.008342288786122854,-1.6828487152602492,-0.09803155196415832,9293.533494870186,9357.738403013733,0.004589590890953588,0.0070354729729729115
2024-12-24,9298.49001967422,-0.0034323682139928875,-1.8448757136825313,-0.10112743979522104,9267.583072824558,9347.574881814147,-0.0027923095192965196,-0.0010861087115143775
2024-12-26,9308.032815454491,0.0010262737025131632,-1.575690392860627,-0.10020495052477228,9303.149682796502,9356.458056335248,0.0038377438532205847,0.0009503186263191132
2024-12-27,9306.396217283787,-0.0001758264289728564,-1.066037928554014,-0.10036315827512896,9312.587893227728,9381.356336484952,0.0010145177443161189,0.002661079652128029
2024-12-30,9240.691392302731,-0.007060179197940124,-0.8808116955271594,-0.10671475559077542,9311.392641322194,9314.975285615794,-0.00012834798653595298,-0.007075847935867907
2024-12-31,9264.947977978243,0.0026249751934920825,-0.25249022742584126,-0.10436990398348868,9312.745942290328,9314.9360442212,0.00014533819163934118,-4.212721278373799e-06
2025-01-01,9258.995050318428,-0.0006425214338995756,-0.2791115809478189,-0.10494536551702474,9348.572569450811,9353.582662382425,0.0038470529940894177,0.004148887118253564
2025-01-02,9408.71988006834,0.016170743038118694,0.3275753326800044,-0.09047166701772341,9558.745028497959,9529.187133746978,0.022481770076209107,0.018774033191665485
2025-01-03,9449.136460682079,0.0042956513881722246,1.2487624053526918,-0.08656465037156613,9518.810432317188,9456.7390554981,-0.0041778074487509535,-0.007602755327609123
2025-01-06,9337.16104832425,-0.011850332866263377,-0.8245215493046902,-0.09738916331647476,9339.18775421328,9303.609900526908,-0.018870286301119372,-0.016192595996625703
2025-01-07,9436.090966675634,0.010595288850580442,-1.3666557988018306,-0.08782574078214865,9372.579403762895,9339.794313537199,0.0035754340129365084,0.0038892874268343647
2025-01-08,9421.71555733943,-0.001523449634702816,-1.0768751474807055,-0.08921539232413941,9360.53818901981,9332.328445856103,-0.0012847279520781778,-0.0007993610384197103
2025-01-09,9347.870723443319,-0.007837726945448514,-1.6237202209129082,-0.09635387338522025,9281.90107023241,9268.33111734869,-0.008400918536889389,-0.006857594959147506
2025-01-10,9235.64756241762,-0.012005211063120259,-1.7127051917053675,-0.10720233586160177,9212.745607697068,9230.905599054508,-0.007450570956539156,-0.004037999702463213
2025-01-13,9076.510499978158,-0.017230742226136294,-3.664218282361454,-0.12258590227246709,9010.801886226938,9094.77489289407,-0.021920036661102368,-0.014747275302477436
2025-01-14,9128.528445530827,0.005731051107448751,-3.5179612963412197,-0.11755739723599463,9143.080027249136,9130.27065790121,0.01467995220540649,0.003902874499386977
2025-01-15,9135.808960035636,0.0007975562050611451,-4.154801596282181,-0.11685359966254999,9175.826826769326,9144.90538976707,0.0035815938854952666,0.0016028803979861728
2025-01-16,9191.276440391923,0.006071436103680443,-3.9158207519397616,-0.11149163272270582,9238.445679307588,9183.749753779477,0.006824328065519021,0.004247650725383689
2025-01-17,9206.609663671576,0.0016682365478932612,-4.476625769739292,-0.11000939059130486,9232.026445278512,9140.965861525576,-0.0006948391809516925,-0.004658651792672774
2025-01-20,9271.77467429543,0.00707806814934166,-3.746558048102562,-0.10370997640563605,9298.589025670133,9196.730191559554,0.007209964224665201,0.006100485537167577
2025-01-21,9135.135758111655,-0.014737083350675532,-4.149775353409038,-0.11691867718972515,9129.699542516015,9070.626046437184,-0.018162915114096782,-0.013711845677293555
2025-01-22,9160.805916774845,0.0028100467626215324,-3.9673949600829235,-0.11443717737743056,9155.432687880493,9122.115372777853,0.0028186190843017952,0.0056764909144164655
2025-01-23,9185.216781727117,0.002664707141930676,-3.6674842620682324,-0.11207741179935998,9195.968290398507,9141.813013985318,0.0044274917308576535,0.0021593282262408753
2025-01-24,9167.39694661252,-0.0019400560202396037,-3.2350233411356886,-0.11380003136210534,9127.861687662189,9097.237098045003,-0.007406137188122698,-0.004876047658393667
2025-01-27,9111.014707286617,-0.006150299769307846,-4.345062939510981,-0.11925042682477956,9002.095539125454,8993.608269315993,-0.013778270622431497,-0.011391241935562957
2025-01-28,9077.452985500026,-0.0036836425870050487,-4.159746457492198,-0.1224947934610143,9037.23682517886,9044.073472201699,0.003903678415839093,0.005611229817278129
2025-01-29,9153.091892418086,0.008332613458740312,-2.87314901248706,-0.11518288176689288,9164.76848504199,9125.168507165012,0.01411179792343308,0.008966649288351114
2025-01-30,9218.74603480231,0.0071728923030486905,-1.8539204325594651,-0.10883618386991284,9170.08567438722,9159.206185059333,0.0005801771592927321,0.003730087599762788
2025-01-31,9345.118887102008,0.013708247501625408,-0.4718740287941789,-0.09661988971390852,9278.566320537753,9261.20072511941,0.011829839982142161,0.011135740150325812
2025-02-01,9331.648800119838,-0.0014414034904105997,0.10741331437752351,-0.09792202495804234,9290.33509910548,9250.85946348549,0.0012683832998720613,-0.0011166221250199504
2025-02-03,9222.967011934092,-0.011646579346658437,-1.180724596123683,-0.10842814767124151,9242.03910504148,9203.151930368831,-0.005198520133966959,-0.005157091976693451
2025-02-04,9355.320847510455,0.014350461777115978,-0.034660122752568544,-0.09563367988284514,9395.504511967563,9352.144580686456,0.01660514581055701,0.016189306820631133
2025-02-05,9327.804938194857,-0.0029412042370433886,-0.2775129274146045,-0.09829360593541299,9378.940926551551,9335.224614664887,-0.001762926662949481,-0.001809207062143936
2025-02-06,9240.928886230859,-0.009313665169847683,-0.820896636560155,-0.10669179737124129,9325.437242907865,9298.606237996742,-0.0057046615457636415,-0.003922602634608197
2025-02-07,9208.88915607355,-0.003467154714830491,-0.6101463705423438,-0.10978903511778232,9332.236624520714,9281.508531540841,0.0007291220170958327,-0.0018387386257991967
2025-02-10,9107.98359583114,-0.010957408492191498,-1.399757726017357,-0.1195434403042247,9246.808966171806,9211.247199241634,-0.009154039035448609,-0.007570033692307909
2025-02-11,8984.201744915232,-0.013590478025516332,-2.0926672333284917,-0.13150926583119193,9123.232141329765,9089.201075983643,-0.013364267099507558,-0.013249684936046169
2025-02-12,8977.950169625807,-0.0006958409291024353,-3.2621699722858954,-0.1321135972305728,9116.869262928692,9078.741320726836,-0.0006974368625619658,-0.0011507892904301098
2025-02-13,8982.564843763226,0.0005140008632519206,-3.5172914657471677,-0.13166750287034476,9122.565438410991,9073.28522800019,0.0006247951262678004,-0.0006009745771905495
2025-02-14,8898.091688358505,-0.009404124197708594,-3.402075712309128,-0.1398334095182585,9024.137347008918,9033.042793125516,-0.010789518810973609,-0.004435266153706374
2025-02-17,8953.832473333929,0.00626435273176031,-3.749314503914712,-0.1344450225874053,9054.566004406312,9044.959866056033,0.0033719186917604404,0.0013192755977626813
2025-02-18,8949.547948537956,-0.000478512950597611,-3.681745685906919,-0.1348592018535515,9044.743269227793,9039.366043728756,-0.0010848377684517267,-0.0006184463402948426
2025-02-19,8943.069600610777,-0.0007238743190640072,-3.262294726193975,-0.13548545505970416,9039.760297732877,9034.480874821484,-0.0005509245919526754,-0.0005404326900405598
2025-02-20,8947.645659458358,0.0005116877148387874,-2.5346181667267333,-0.1350430935877588,9059.011299560285,9026.700306544535,0.0021295920680814064,-0.0008612081186238907
2025-02-21,8886.252904638844,-0.006861330584165022,-1.978192305426675,-0.14097784886370993,8990.562573935673,8980.509337913029,-0.007555871536216669,-0.005117148798882476
2025-02-24,8804.81589279065,-0.009164381514021913,-3.0054664476850657,-0.14885025558571865,8892.422870812361,8884.955772639969,-0.010915857858308693,-0.010640105330068539
2025-02-25,8790.817611037071,-0.0015898437768630202,-3.176107179918752,-0.15020345071005423,8916.876910066938,8882.67130792337,0.0027499860960103727,-0.00025711604818956513
2025-02-27,8794.989304907935,0.0004745512937985852,-3.6248515664432146,-0.14980017865812326,8901.962132861114,8881.686425862998,-0.0016726458552979162,-0.00011087678764998277
2025-02-28,8608.664835164845,-0.021185298046822287,-4.741650239229622,-0.16781191527260608,8686.483773319456,8716.087740680548,-0.02420571513624281,-0.018644959666695105
2025-03-03,8598.927081615995,-0.0011311572392821217,-5.389662550493476,-0.16875325084908985,8707.677606481744,8713.96101098143,0.0024398633227617848,-0.00024400049223838316
2025-03-04,8600.426711597052,0.00017439733664720508,-4.598023810910907,-0.16860828362994124,8707.701218210475,8699.522486088536,2.711598866977352e-06,-0.0016569416451024388
2025-03-05,8691.30090863123,0.010566242825096356,-3.9195150951382933,-0.15982359687200165,8858.612271676902,8799.842726645978,0.017330756956936585,0.011531695069225467
2025-03-06,8810.34562901329,0.013696996759580256,-3.0220126257521747,-0.14831570340088154,8940.40510632225,8881.547926823258,0.009233143085724684,0.009284847776867
2025-03-07,8766.438541607768,-0.004983582852973693,-3.2026490142192614,-0.1525601426575599,8920.632750085504,8884.621066627265,-0.0022115727421305395,0.00034601398645017767
2025-03-10,8716.905510691146,-0.005650302649305716,-3.174868393049994,-0.15734843432862924,8867.109103490826,8848.298924016342,-0.0059999831956051375,-0.004088203913091726
2025-03-11,8795.188561570421,0.008980601061152158,-2.3304399803538365,-0.14978091678377936,8884.335902555858,8863.111396316534,0.001942775132681041,0.0016740474556060647
2025-03-12,8776.873590625164,-0.0020823852515547752,-3.0285107855876823,-0.15155140046325927,8857.363489553694,8852.316935047022,-0.0030359515103887003,-0.0012179087892316698
2025-03-13,8785.538088683094,0.0009871964052420973,-3.471064376713842,-0.15071381505576387,8824.602848821676,8823.439885261232,-0.0036986898833557126,-0.003262089461738671
2025-03-17,8847.426008122913,0.007044294705128991,-4.057313113713863,-0.144731192880022,8890.599917995884,8867.38563057073,0.007478758002465845,0.004980568336268254
2025-03-18,8847.426008122913,0.0,-3.9589896639826794,-0.144731192880022,8891.464143689187,8995.637280248184,9.720667910753559e-05,0.01446329899483545
2025-03-19,9037.471836233668,0.021480352357428276,-1.6088663829568368,-0.1263597175427675,9090.973383946359,9024.513560594862,0.022438288793952557,0.0032100316461272094
2025-03-20,9159.575053182714,0.013510771503541717,-1.6680764865050748,-0.11455616331019833,9190.143021288579,9136.022215245966,0.01090858295959192,0.012356195589090069
2025-03-21,9270.196038217924,0.01207708702564468,-0.74113191675149,-0.10386258103817501,9272.354100628643,9198.956178903818,0.008945571265825356,0.0068885519512889015
2025-03-24,9354.108283007306,0.009051830667166036,0.3283640196004506,-0.0957508968672213,9394.354848393386,9320.273643324956,0.01315747289638904,0.013188177230298859
2025-03-25,9321.026023025552,-0.0035366556576913594,0.3242736247392653,-0.09894891457377812,9359.162187832355,9324.331665189336,-0.0037461498026180574,0.00043539728764163677
2025-03-26,9235.89342123384,-0.009133393854003706,0.43413616698480445,-0.10717856901955332,9288.674730583736,9252.71073398335,-0.0075313853776632295,-0.007681079328545448
2025-03-27,9271.29193885992,0.0038327117920930968,1.5238796050128407,-0.10375664179280107,9366.501738650728,9294.11502191362,0.008378698826727218,0.004474827877002596
2025-03-28,9305.259934058653,0.003663782288675327,1.7904910968166756,-0.1004730012506586,9322.034093850969,9265.5142007682,-0.004747518982061845,-0.0030773044101545244
2025-04-01,9172.793405481802,-0.014235661283571985,0.8410614683679583,-0.11327836292028229,9203.952492644892,9126.192630619977,-0.012666935136395276,-0.015036571865236992
2025-04-02,9268.939533420771,0.010481662857631947,2.0099781847534546,-0.10398404567184534,9280.751403787299,9191.84502265228,0.008344122941071093,0.0071938424586863725
2025-04-03,9305.712552765439,0.003967338357540971,1.8822617156188097,-0.10042924720727059,9274.380118256922,9159.442402866,-0.0006865053542728371,-0.0035251486188494496
2025-04-04,9122.59147426263,-0.01967835106279834,0.6929713349481064,-0.11813131628655174,9116.42720810537,9023.27245531097,-0.01703110160867967,-0.014866619775066536
2025-04-07,8923.177990674903,-0.02185930216762717,-0.4153329017681925,-0.13740835031601173,8839.026945904196,8730.624753779477,-0.030428615933503,-0.03243254628305536
2025-04-08,9091.484533717598,0.018861726530455935,0.47530943606870146,-0.12113838251221738,9005.964648966903,8878.061598217357,0.018886434455329303,0.016887318902814252
2025-04-09,9048.053394806197,-0.004777122894542536,0.5763070887525099,-0.12533681246625294,8937.598546591527,8824.208554931789,-0.0075912026129503745,-0.006065856008070525
2025-04-11,9227.173612460905,0.019796547372004793,1.89222662243137,-0.10802150123969247,9104.104442624455,8993.372051509325,0.018629824909335124,0.019170387409190415
2025-04-15,9355.294875355723,0.01388521212192171,2.561459002016175,-0.09563619057621234,9283.823887620663,9190.348463583978,0.01974048585765098,0.02190239778210845
2025-04-16,9419.810121538661,0.006896121078223588,2.8457452293878114,-0.08939958824766225,9338.386466658669,9233.150822376512,0.005877166531644587,0.004657316201027051
2025-04-17,9609.6991103443,0.020158473085508513,4.899195539731017,-0.07104327435569979,9490.790762524934,9396.42503200866,0.016320195829376143,0.017683476937954135
2025-04-21,9669.985844005017,0.006273529791980983,5.26062390883519,-0.06521543666190927,9612.226029641944,9504.328864430976,0.012795063146529808,0.011483498464016417
2025-04-22,9710.530475062464,0.0041928325140810855,5.461044555120035,-0.06129604155108428,9627.115628659336,9520.756389422359,0.0015490271422534901,0.0017284255654137493
2025-04-23,9780.806431182516,0.0072370872323121276,5.32754938929398,-0.05450255911847274,9720.993660052829,9584.458253311659,0.009751418287116549,0.006690840652122221
2025-04-24,9699.777269481092,-0.008284507240946152,4.261591625475467,-0.062335539513751856,9685.537189418677,9552.055633525379,-0.003647412175553249,-0.0033807460922566923
2025-04-25,9631.134261505656,-0.007076761256303272,4.141020932243554,-0.06897116703913347,9548.839774833883,9470.36966932584,-0.01411356044702754,-0.00855166336268387
2025-04-28,9756.685268484722,0.013035952315697071,5.012547225233336,-0.056834319568116486,9661.974882656817,9584.281282316435,0.011848047562919807,0.012028211882747275
2025-04-29,9680.780035019065,-0.007779817773854037,4.1721950792237115,-0.0641719766924296,9653.00939170757,9587.215923080705,-0.0009279149509423127,0.0003061930965739812
2025-04-30,9680.148668565633,-6.521855172278673e-05,4.275383548323763,-0.06423301004077131,9605.529258020562,9586.526505638443,-0.004918687194875802,-7.191007773188485e-05
2025-05-02,9628.56808373814,-0.005328490976072568,3.9473118075096956,-0.06921923600247568,9594.476602868861,9591.45091594031,-0.0011506555083857974,0.0005136803511647248
2025-05-05,9629.87603088411,0.00013584025522731056,3.633848574349362,-0.06909279850593344,9702.19796532817,9636.539278327664,0.011227435004333437,0.004700890697612925
2025-05-06,9581.477617812612,-0.005025860448907056,3.3793574566504225,-0.07377140819152525,9633.78147092385,9604.412117742644,-0.007051648981891761,-0.0033338898599493128
2025-05-07,9579.7049319115,-0.00018501174576849373,2.5085850774796445,-0.07394277136027635,9642.518884076697,9618.121983798683,0.0009069557140378904,0.0014274549954715887
2025-05-08,9514.58436679293,-0.006797763144211643,1.5506282093258723,-0.08023788905855424,9568.17805649857,9562.732370611113,-0.007709689602049246,-0.005758880297096702
2025-05-09,9468.858872234143,-0.004805832056981242,0.7431305061420097,-0.08465811129611336,9501.713278688338,9458.019402176582,-0.006946440316825905,-0.0109501096942064
2025-05-12,9682.113821058514,0.02252171583734406,1.32721001290973,-0.0640430413847066,9855.174852984095,9819.155648298609,0.03719977270715428,0.038183073090219954
2025-05-13,9613.091006669296,-0.007128899294603756,1.1536093120339859,-0.07071538428675869,9756.788034121753,9682.710241542318,-0.009983264663492995,-0.01389583907654357
2025-05-14,9632.46974733176,0.002015869885036805,1.6912658639146139,-0.06884206741531441,9808.518486170458,9717.595071896383,0.005301996094184893,0.0036027960647213586
2025-05-15,9745.936631502638,0.011779625282738106,2.035808536259152,-0.05787337589041776,9968.36955259208,9873.284920224545,0.016297167268125592,0.01602143814146184
2025-05-16,9761.852566338139,0.0016330841700792124,1.9431279240928783,-0.05633480381437435,9992.622062649018,9856.621177426496,0.00243294652440249,-0.0016877607536591732
2025-05-19,9753.742428789605,-0.0008307990203108718,2.6510276506103545,-0.05711879993486691,9952.494338046488,9827.330169399705,-0.004015735244558116,-0.0029717088137536374
2025-05-20,9673.838806743228,-0.008192098841007918,1.7532370691931887,-0.0648429759211286,9833.352273770786,9724.29226990692,-0.011971075815662039,-0.010484831354666824
2025-05-21,9725.46229714609,0.0053364017567542905,1.8162178371797526,-0.05985260233499301,9875.763252523557,9775.328396611998,0.004312972582696381,0.00524831270888626
2025-05-22,9622.070156360895,-0.010631077230697374,2.3480473985987205,-0.06984738192780886,9793.375589703883,9695.060508691577,-0.008342409666272789,-0.008211272774042211
2025-05-23,9667.44630845631,0.004715840911367602,4.039763293560237,-0.06546093015768828,9886.400469053333,9790.968785394192,0.009498755408426495,0.009892488718005854
2025-05-26,9720.030030442727,0.005439256687717053,3.4755655216818995,-0.0603777322721156,9938.223091268212,9849.273803368289,0.00524180892500713,0.005954979456279652
2025-05-27,9665.955275253345,-0.005563229230776342,3.422197710258779,-0.06560506633782771,9862.735563111139,9780.351295119903,-0.007595676557451996,-0.0069977248703164685
2025-05-28,9642.434712482076,-0.00243334074092874,2.2914967225023144,-0.06787876759802525,9861.93658753537,9751.297274338891,-8.100953033317962e-05,-0.0029706520659956714
2025-05-29,9685.722193731206,0.004489268793605955,1.7772788281137175,-0.0636942248375455,9900.56101772126,9783.26669990643,0.003916515771832244,0.003278479228775888
2025-05-30,9622.889489493891,-0.006487147058376354,0.9229371973077402,-0.06976817809263144,9871.691024344083,9750.60785689663,-0.002915995702213562,-0.00333823496911434
2025-06-02,9616.281544119476,-0.0006866903523758714,-0.43792235630848814,-0.07040695931020831,9886.109735268754,9737.174219480961,0.0014606120561424251,-0.0013777230725331435
2025-06-03,9557.10045991857,-0.00615425868402269,-1.3130453724613371,-0.07612791535348051,9797.987625368916,9668.587186684388,-0.0089137296934365,-0.007043833380258491
2025-06-04,9559.307232690287,0.00023090400493015317,-1.6020585275556842,-0.0759145895890924,9814.134096336911,9699.197013345147,0.001647937473016239,0.003165904807986175
2025-06-05,9607.85925127119,0.005079031084477371,-1.7707338346553168,-0.0712211310649035,9860.339204674035,9750.687109124929,0.0047080168136657725,0.005308696762106768
2025-06-06,9685.095381862728,0.008038849089230651,-0.6033238138140606,-0.0637548179002679,9977.653279739423,9850.022467621999,0.011897569914205122,0.01018752395450262
2025-06-09,9704.30592575806,0.0019835162316840568,0.04357041585425638,-0.061897760384737,10037.893173846072,9889.476227409265,0.006037481201012613,0.004005448710087123
2025-06-10,9693.014819918753,-0.0011635150340157138,-1.042962887444534,-0.06298925644397317,10068.577379012795,9889.890185650265,0.0030568371903647545,4.18584595869298e-05
2025-06-11,9703.798930061148,0.0011125651144400484,-0.36880998812476434,-0.06194677097883708,10083.220859209714,9904.525686955234,0.0014543743019188363,0.0014798446727146697
2025-06-12,9617.58855545823,-0.00888418806121877,-1.0300204731157665,-0.07028061227689468,9963.166638602574,9804.776370217161,-0.011906336505312844,-0.010071084662786611
2025-06-13,9580.248058917834,-0.0038825217282978082,-0.924140992982272,-0.07389026800094944,9908.518740283806,9737.962125129261,-0.005484992904468141,-0.006814458847919758
2025-06-16,9647.26245977105,0.006995059046601077,-0.39241948019816275,-0.06741207574198427,9996.59855886265,9827.74412764071,0.008889302315264401,0.00921979376770854
2025-06-17,9578.299593089012,-0.007148438945204616,-0.5470691589204114,-0.07407862357957776,9946.384141075017,9791.06727360023,-0.005023150373795231,-0.0037319707924959866
2025-06-18,9547.015011974301,-0.0032661936297422233,-0.7739110907817511,-0.07710286208088431,9908.03290557392,9774.777478209478,-0.0038557967354910638,-0.0016637405234334324
2025-06-19,9549.688260731637,0.00028000885658842,-0.252408601941795,-0.07684444270854683,9879.216718753736,9767.370857339827,-0.0029083660798071946,-0.0007577278241026608
2025-06-20,9632.837162373635,0.008706975491954646,0.7559231246292093,-0.06880654989594842,9976.989808086046,9893.1010550549,0.009896846290122,0.01287247095983779
2025-06-23,9591.939799640417,-0.004245619649106559,-1.5049740089721837,-0.07276004310482943,9942.38342930629,9837.750683261924,-0.0034686192374086483,-0.0055948454872697395
2025-06-24,9558.92594476746,-0.0034418329933843003,-1.1934137074939777,-0.07595144818125549,9961.529414388124,9866.292257595896,0.0019256936948738312,0.0029012296868362597
2025-06-25,9619.957286615298,0.006384748893388914,-0.7744806008797114,-0.07005163021259327,10043.53223073531,9945.240557443241,0.008231950430096127,0.008001820520425307
2025-06-26,9697.973014720372,0.008109779054177308,-1.1508497060845801,-0.06250995440182502,10164.603758003583,10065.100704190669,0.012054676032976505,0.012052010814129765
2025-06-27,9753.173044496962,0.005691914144615986,-0.7559455843562637,-0.05717384155084821,10199.85336522501,10100.08402275077,0.0034678781446516593,0.003475704773181043
2025-06-30,9733.247706091399,-0.0020429595901411694,-0.8667522047452697,-0.05909999729308792,10163.854943914366,10052.514219234741,-0.003529307728420455,-0.004709842354665206
2025-07-01,9709.13885783989,-0.002476958254789153,-0.3494298285329828,-0.06143056732172394,10163.998719828154,10062.264551632436,1.4145805364464538e-05,0.0009699396772837598
2025-07-02,9697.09974977496,-0.0012399769167177757,-0.9936871328226329,-0.06259437175298184,10148.763584987675,10027.438968089815,-0.001498931204188138,-0.0034610085397696055
2025-07-03,9704.305730047918,0.000743106749327393,0.11959211692843388,-0.06189777930377402,10117.348201684124,10008.489991136055,-0.003095488730274527,-0.00188971251922454
2025-07-04,9752.66239944366,0.004983011741480038,0.14723663299348874,-0.05722320492333626,10151.48369958765,10030.432855665527,0.0033739570115661104,0.0021924250859925998
2025-07-07,9767.387622724877,0.0015098670166269006,-0.26677669334468246,-0.05579973733640874,10157.858519032714,10030.551349288417,0.0006279692342234487,1.1813410706551508e-05
2025-07-08,9732.521517133733,-0.003569644918158462,-0.05616796669442914,-0.05917019700574971,10179.411775385986,10054.66095435071,0.0021218307296649256,0.0024036171315751087
2025-07-09,9740.882028592414,0.0008590283046343112,0.29908889927912335,-0.05836199757513412,10177.17675249331,10036.38138942236,-0.00021956306926127788,-0.00181801902732881
2025-07-10,9699.556879631697,-0.004242444250881512,-0.6431951272199535,-0.06235684430493304,10136.341214667797,9988.772344511739,-0.0040124622789427045,-0.004743646446198069
2025-07-11,9740.687241726426,0.004240437228745811,0.5252104194039166,-0.05838082736024486,10076.481532353971,9907.854280543648,-0.005905452573676788,-0.008100901810276007
2025-07-14,9775.610195594436,0.0035852659059218816,0.9899675731832638,-0.05500487224421711,10073.152288595807,9881.24322893583,-0.0003303974455244062,-0.002685854157148504
2025-07-15,9841.587238756918,0.006749148323469014,2.4255721911889374,-0.04862695996203788,10102.32750031118,9925.956874476775,0.00289633382674071,0.004525103218794291
2025-07-16,9821.810590356132,-0.0020094978503980075,2.164496943967659,-0.05053874204092079,10107.505860859472,9932.358607869202,0.0005125908408862845,0.0006449487413033861
2025-07-17,9815.625838791506,-0.0006296956663670328,1.555943537712977,-0.05113661368044103,10067.084662174693,9892.726338208495,-0.003999126910359373,-0.003990217351728331
2025-07-18,9782.602848036613,-0.003364328601889668,0.29731586354085676,-0.05432890191032174,10015.172060940175,9836.371848377403,-0.005156666798439777,-0.0056965580472427835
2025-07-21,9829.785305508514,0.004823098535720537,0.6149820102935426,-0.04976783702185224,10067.052889956303,9884.551817107396,0.005180223435048892,0.004898144302865282
2025-07-22,9843.742927738238,0.0014199315443748617,0.9089900422393377,-0.04841857239916008,10068.647348851639,9872.812484611213,0.00015838387984690953,-0.0011876443882732346
2025-07-23,9858.80424698096,0.0015300398794732264,0.95585746584428,-0.046962614866364646,10111.452985467138,9935.450983650951,0.004251379071328974,0.006344544590244583
2025-07-24,9833.117933237467,-0.00260541878102089,1.7851234826100726,-0.04944567636860696,10060.481581049404,9873.284920224547,-0.005040957465855254,-0.006256994627491075
2025-07-25,9757.822996707435,-0.007657279922934922,1.2719345064535699,-0.05672433690660869,9940.732089384783,9784.60629339636,-0.01190295819339188,-0.008981674037030651
2025-07-28,9756.006597899779,-0.00018614795618542707,0.4524819198286317,-0.05689992574341294,9851.706033900879,9723.110411434474,-0.008955684016368455,-0.006284962329387578
2025-07-29,9784.760515361706,0.0029473040196710083,1.7564127055296201,-0.0541203231036045,9903.168585318122,9778.342289604563,0.005223719753731455,0.005680474234370125
2025-07-30,9808.658212974615,0.002442338529940641,2.5156225172119826,-0.051810164724032694,9931.885427943052,9791.717449647898,0.00289976307860731,0.001367835124523431
2025-07-31,9801.92844061997,-0.0006861052968225364,2.386198378143501,-0.05246072279240889,9894.484832721466,9757.561278130686,-0.0037657094912071252,-0.0034882717656889994
2025-08-01,9691.63846336546,-0.011251865173536695,-0.16404523865404982,-0.06312230698617911,9773.440878882948,9677.588854828376,-0.012233477122347928,-0.008195943742782208
2025-08-04,9689.919595049143,-0.00017735580240780288,0.329462499045355,-0.06328846768118163,9865.532924722998,9739.597183237302,0.009422684086525666,0.006407415043054421
2025-08-05,9676.960585947278,-0.0013373701375691896,0.592690010868615,-0.06454119771202146,9854.004766838061,9710.760144285216,-0.0011685286515082751,-0.0029608040671041946
2025-08-06,9643.329004803154,-0.0034754281414520784,-0.638160552156784,-0.06779231755866212,9804.448522975425,9681.075183434277,-0.005029046061496788,-0.003056914228121266
2025-08-07,9633.107921746327,-0.0010599123032861753,-1.9239551637433472,-0.06878037595049959,9807.112032678968,9689.72290958782,0.00027166338803260063,0.0008932609229541644
2025-08-08,9618.253219493943,-0.0015420466969802813,-3.0235452960514775,-0.07021636009592835,9738.538889803925,9597.991148372475,-0.0069921851250953895,-0.009466912735407229
2025-08-11,9689.441723404341,0.00740139631239027,-1.587245453248986,-0.06333466289222163,9836.10832949488,9685.350187127584,0.010018899220406486,0.009101804471857822
2025-08-12,9690.365803503913,9.536979796686716e-05,-1.2550368577874025,-0.06324533330825913,9825.626859763655,9646.880539961581,-0.0010656114573072367,-0.003971941790719136
2025-08-13,9727.269840609992,0.003808322395088068,-0.5762050487247664,-0.05967786953239374,9849.592999331182,9698.86230733244,0.0024391461134830477,0.005388453516712133
2025-08-14,9729.945871617872,0.0002751060731047436,-0.6378187944444738,-0.05941918120362725,9850.906550984091,9703.57050524449,0.00013336100821609493,0.00048543816407109475
2025-08-18,9815.459747606477,0.00878873090528132,-0.1317081730596615,-0.05115266949255669,9983.085365666628,9800.34440094548,0.013417934075248578,0.009973019276634965
2025-08-19,9830.932125575295,0.001576327382177993,-0.12340813081165963,-0.04965697546397129,10028.26080806972,9841.19777047323,0.004525198448012679,0.004168564680625764
2025-08-20,9890.23653169803,0.006032429617579828,1.0563016085509078,-0.04392409805589984,10071.404356753928,9868.73522676909,0.004302196513426525,0.0027981813736617234
2025-08-21,9898.138550894671,0.0007989717102634504,1.048968049248899,-0.043160220457381916,10068.467618747798,9881.814152755203,-0.0002915917087729284,0.0013252889742787488
2025-08-22,9837.634891439313,-0.006112630081328785,0.8038576797243165,-0.04900902807682612,9987.418598483424,9797.64597798788,-0.008049787051354215,-0.008517482060098724
2025-08-25,9863.246022951262,0.0026033830076613506,0.6122160376928801,-0.04653323434008203,10034.179406190196,9836.115625153881,0.0046819713468176285,0.003926417350905487
2025-08-26,9766.712576734262,-0.009787188314310686,-0.938438206334255,-0.055864993127032365,9932.279030804835,9735.38219579455,-0.01015532723308652,-0.010241179872034878
2025-08-28,9692.761903079985,-0.007571705737551719,-2.543394582781698,-0.06301370557559584,9861.331284321604,9652.1989030876,-0.007143148743927594,-0.008544430103923584
2025-08-29,9686.807782158807,-0.0006142852760353366,-2.391065827409611,-0.06358928246010771,9837.024565170272,9623.0263886837,-0.0024648516970498546,-0.0030223697933294824
2025-09-01,9709.435892371544,0.002335971841457985,-2.045605874514967,-0.06140185339189506,9926.238960745659,9701.10830009356,0.009069245988392175,0.008114070174605414
2025-09-02,9719.685654790115,0.001055649631161617,-1.5605619860564075,-0.06041102260461924,9920.232535284384,9683.202682572508,-0.0006051058699097482,-0.0018457290617897026
2025-09-03,9762.11063047597,0.004364850592153386,-1.6176918725608571,-0.05630985710025423,9966.780572195426,9736.564054266995,0.004692232439661031,0.0055107151470170646
2025-09-04,9763.857121232144,0.000178905036245158,-1.761393840830549,-0.056141026181034635,9985.83175049799,9744.14764613187,0.0019114676163042717,0.0007788776228048189
2025-09-05,9732.169209454743,-0.0032454296886925407,-2.2927997779767373,-0.05920425411660563,9973.284085503927,9746.786822278025,-0.0012565468062723803,0.00027084730671167456
2025-09-08,9706.11299850124,-0.0026773281878608233,-2.3003299953306247,-0.06172307308607881,10002.900129147574,9759.452559462246,0.0029695377560430233,0.0012994782193525012
2025-09-09,9703.904264565565,-0.00022756111906136172,-1.5293314879218889,-0.06193658843355687,10058.020829513835,9797.055048751656,0.005510471928600217,0.003852930178235292
2025-09-10,9721.215666483256,0.001783962562461224,-1.293216550200109,-0.06026311842610772,10100.145652327306,9838.223118875258,0.004188182101379473,0.0042020862308871365
2025-09-11,9744.856130970426,0.0024318424051302727,-1.3570703505750612,-0.0579778264278315,10124.043211015121,9850.987344265517,0.0023660607985696172,0.0012974116602184615
2025-09-12,9740.175304739609,-0.0004803381566549415,-1.7109347168286146,-0.05843031562221318,10177.103976793882,9893.731225685719,0.00524106472807528,0.004339045410009845
2025-09-15,9713.058201141928,-0.0027840467701321964,-1.9488914044522545,-0.06105168966085952,10166.57369631398,9876.081831388186,-0.0010347030455728644,-0.0017838966811339896
2025-09-16,9766.933410881793,0.00554667836063533,0.03180960640153246,-0.055843645386146314,10251.838712149887,9943.014570098974,0.0083867995632413,0.006777256391098607
2025-09-17,9798.037211348721,0.0031846024907135643,0.4607496513698878,-0.05283688270761992,10285.785706008175,9978.923523908006,0.003311307835740288,0.003611475529465391
2025-09-18,9833.924258024877,0.003662677116044134,1.0914141110335807,-0.04936773003275206,10319.733887004839,10015.69886615452,0.00330049467945185,0.0036853015416349333
2025-09-19,9801.28131575913,-0.00331942176991137,1.1125475652043086,-0.052523279484861685,10363.270562324882,9977.66318264637,0.004218778875186719,-0.0037976065391384095
2025-09-22,9793.556571383417,-0.000788136175960305,1.147959229158754,-0.05327002016417987,10420.134254464729,9928.536803811487,0.005487041161172629,-0.004923635718664832
2025-09-23,9754.284067735038,-0.004010034900204807,0.8212893085464239,-0.057066440424391705,10416.964818705505,9915.595607426003,-0.000304164580016249,-0.0013034343973540308
2025-09-24,9758.167172600335,0.00039809224729682566,-0.05709492831329038,-0.056691065884608635,10344.449265220961,9871.236673314614,-0.00696129388421568,-0.00447365300760838
2025-09-25,9717.314180376738,-0.0041865435896925075,-0.6078153697235784,-0.060640269855829106,10285.29369975928,9805.820499088977,-0.00571858046233229,-0.006626948212322681
2025-09-26,9603.64411385154,-0.011697683579557938,-2.340210176459614,-0.07162860274643447,10163.293043523718,9712.788385778296,-0.011861659938638297,-0.009487437927231501
2025-09-29,9644.82651472176,0.004288205641733718,-1.8439614773135786,-0.06764755528310751,10168.950275410047,9704.988581523607,0.0005566337467690949,-0.0008030448049409777
2025-09-30,9650.522797788446,0.0005906050314115643,-2.9828165133515148,-0.06709690323820885,10169.042020878187,9695.61219653321,9.022117883936698e-06,-0.0009661407544825362
2025-10-01,9767.556100576096,0.012127146398169242,-1.4963728227084492,-0.05578345080847328,10270.146198770273,9784.330834195101,0.009942350290667354,0.009150390492475902
2025-10-03,9787.914400750915,0.0020842777830186203,-1.971737083967728,-0.05381544123263488,10289.13340520008,9807.160092578908,0.0018487766446867676,0.0023332467769816567
2025-10-06,9820.59783698762,0.003339162450603176,-1.6753132391460823,-0.05065597728265835,10367.877105307976,9879.411194415714,0.0076530935120443545,0.007367178791287232
2025-10-07,9808.949330303194,-0.001186130098979647,-1.1646273671571699,-0.05178202280228979,10365.830009885953,9891.486002363712,-0.00019744595747337357,0.0012222193924698033
2025-10-08,9773.33505089816,-0.003630794512824234,-1.8610935885225428,-0.055224807430860466,10337.927596275838,9867.00168045501,-0.00269176839515048,-0.0024752925801897474
2025-10-09,9829.662806876095,0.0057634119453174705,-0.12061955534132739,-0.04977967880036799,10403.361027014564,9920.441534938685,0.00632945337731887,0.005416017571936882
2025-10-10,9895.857667848877,0.0067341944757734465,1.6037391830140613,-0.04338071036257769,10449.128595325239,9961.23488821588,0.004399305973505069,0.0041120501676790155
2025-10-13,9861.003502733503,-0.0035220964453251367,1.2352820287931212,-0.046750015762139045,10446.165182143808,9938.38562441522,-0.00028360385791003403,-0.0022938183927065925
2025-10-14,9844.371022167044,-0.0016866924914739618,0.7552798321232086,-0.04835785535305068,10407.130347786055,9906.14073964642,-0.003736762120560312,-0.003244479132464395
2025-10-15,9909.733021902659,0.006639530305027685,1.3757935669981134,-0.04203939849412569,10503.369285005983,9976.284347761848,0.009247403847536242,0.007080820872521931
2025-10-16,10012.941831525644,0.010414893054623203,1.949046205215632,-0.032062341278899474,10589.442996320886,10079.40149948293,0.008194866711749115,0.010336228211479837
2025-10-17,10089.431917144006,0.007639122138663898,2.6742432841044814,-0.02466814728131661,10636.83345391963,10128.46786206726,0.004475254988879845,0.004867983737610659
2025-10-20,10089.780892449195,3.45882016007714e-05,3.056885390306245,-0.024634412306566985,10695.09049160925,10180.982081302009,0.005476915469439208,0.005184813729964155
2025-10-21,10081.053445435004,-0.0008649788441610819,3.2747964802974487,-0.025478082905244576,10706.376661236534,10191.007872900964,0.0010552663987407273,0.0009847568259027106
2025-10-23,10109.974712868398,0.0028688735348872526,3.6069307714111796,-0.022682302768123812,10718.666509417679,10199.990305067213,0.0011478998516500799,0.0008814076368377499
2025-10-24,10053.165219509228,-0.005619152863642682,2.7239241403036445,-0.028174000305212926,10664.808950058388,10162.072345742841,-0.0050246510899438455,-0.0037174505259611745
2025-10-27,10075.885936187007,0.0022600560302824774,2.7068381983894616,-0.025977619094217235,10700.815186938944,10229.399037277777,0.0033761727049371635,0.006625291500029773
2025-10-28,10025.775368324661,-0.004973316309822223,2.191312837730395,-0.03082174048730782,10676.57599166273,10217.638929925632,-0.0022651727791540453,-0.001149638146805021
2025-10-29,10129.665615112499,0.010362315429095605,3.383357972833209,-0.020778809655215273,10735.750827226715,10264.00763899147,0.00554249186351452,0.0045381040946781415
2025-10-30,10072.34393180512,-0.005658793240110555,2.253645260083031,-0.026320019907711323,10680.214427879657,10194.651936524338,-0.00517303356242336,-0.0067571756478100875
2025-10-31,10014.740983389443,-0.005718921911888555,1.3706407969924095,-0.03188841968102834,10607.850115708705,10133.293784163085,-0.006775548624010078,-0.006018660837397216
2025-11-03,10047.335474643269,0.003254651449087728,1.333959063207968,-0.02873755392326469,10608.951303896918,10149.544338159245,0.00010380879972871841,0.0016036793506921665
2025-11-04,9993.579929125013,-0.005350228988961282,1.1306693167934023,-0.033934030418153925,10548.050047134662,10084.266662973349,-0.005740553898092168,-0.006431586779760301
2025-11-06,9941.127118482435,-0.005248650735229607,0.7042257142173569,-0.03900457327968001,10477.75345224621,10049.618050425952,-0.006664416131353914,-0.0034359080045569534
2025-11-07,9973.708959337462,0.0032774795520370743,1.3805305930188858,-0.03585493041900294,10501.676486678482,10042.763886837043,0.00228322173653972,-0.0006820322478444663
2025-11-10,9979.22169199353,0.0005527264409401551,1.3948317589552537,-0.035322021946143416,10523.794897076157,10075.087254395028,0.002106178992062217,0.0032185728871263475
2025-11-11,10023.211034130805,0.004408093486145195,2.2019390765445124,-0.031069631234856537,10548.47970457054,10122.597811099611,0.0023456184518799985,0.0047156471705849246
2025-11-12,10075.877154516364,0.005254415995654521,4.126452235027563,-0.025978468006541487,10629.022415473026,10193.844794898301,0.007635480482328393,0.0070384090258497345
2025-11-13,10073.822795901404,-0.00020388881121273083,3.6815047442619275,-0.026177060098795266,10612.644933931495,10195.16438297138,-0.0015408267008346212,0.00012944949620363744
2025-11-14,10122.651644998166,0.0048471022456966755,4.088205024787564,-0.021456840739889346,10648.135139695507,10207.337679125414,0.003344143329486366,0.001194026471448284
2025-11-17,10163.980504859894,0.004082809654143181,3.5200216866125267,-0.017461635282266408,10702.861471431812,10248.071785591164,0.005139522650523979,0.0039906690408659795
2025-11-18,10127.149685232904,-0.0036236609868917718,2.852987917905368,-0.02102202122261852,10651.346052610143,10207.337679125414,-0.0048132379326009875,-0.003974806902018679
2025-11-19,10217.637700277728,0.00893519083427512,3.325121459711393,-0.01227466615968969,10709.498836559045,10263.515197961284,0.005459665253731378,0.005503640675154298
2025-11-20,10202.967510848131,-0.0014357711498420274,3.296590131866281,-0.013692813697985744,10735.281138984863,10318.471616930114,0.0024074238037920964,0.005354541588221684
2025-11-21,10165.254551511782,-0.0036962735886643477,3.288457081066047,-0.017338474901023786,10665.844058260465,10269.6214667356,-0.0064681194488926145,-0.0047342428227803435
2025-11-24,10128.926779818215,-0.003573719822703787,2.326516832591782,-0.020850231872278305,10588.011941105227,10226.818338503956,-0.0072973237495403505,-0.004167936312968079
2025-11-25,10103.889203174176,-0.002471888403214161,1.402473833690203,-0.023270580829123057,10558.581525939135,10197.390370315647,-0.002779597844221982,-0.002877529180069005
2025-11-26,10206.546944518663,0.0101602204141585,2.7134752335975736,-0.013346794645354017,10686.851978897703,10323.6522504555,0.01214845504042835,0.012381783530362567
2025-11-27,10223.871043394718,0.0016973516087496093,3.0675211096622035,-0.011672097239967365,10680.130867258955,10327.690266903031,-0.0006289140761020703,0.0003911422381892571
2025-11-28,10244.101238609992,0.0019787216729757274,2.64717708892257,-0.009716471398769458,10691.290797778205,10322.725845767462,0.0010449245105660174,-0.0004806903583736144
2025-12-01,10221.265827630146,-0.002229127811992034,1.4287410390324036,-0.01192393995413199,10684.868994676523,10312.010636726245,-0.0006006574157555573,-0.0010380212747401751
2025-12-02,10178.94488762688,-0.00414047934149852,0.1578194089128899,-0.01601504846858107,10643.138525585531,10255.458401043968,-0.00390556675161693,-0.005484113396941881
2025-12-03,10124.624386315158,-0.0053365552040421345,-0.4261691592976618,-0.02126613848237509,10573.714216889428,10237.258088343915,-0.006522916950597886,-0.0017746951904364927
2025-12-04,10143.904191763455,0.001904248959038651,-0.12672673168004334,-0.019402385545404282,10607.949301605504,10256.069335697044,0.0032377539258051685,0.0018375278996383138
2025-12-05,10088.431440118682,-0.005468580005893135,-1.0099750005717176,-0.024764862053637263,10654.039442418238,10316.225624169,0.004344868126939346,0.005865433091659877
2025-12-08,10002.395593529447,-0.008528168833768805,-1.283247811951133,-0.033081831962667715,10523.266631717452,10227.23229674496,-0.012274481562375589,-0.00862653945989178
2025-12-09,9993.103071271771,-0.0009290296680215175,-1.6186748020254915,-0.033980127627323435,10516.847081907423,10179.603246417486,-0.0006100339404762139,-0.004657081109092687
2025-12-10,9977.275950348827,-0.0015838044309224055,-1.2850431819426176,-0.03551011418154636,10480.901136876826,10147.436844437872,-0.003417939307345976,-0.0031598875909956137
2025-12-11,10004.947042549296,0.0027734115341878232,-2.248128856568618,-0.0328351868076101,10539.432431465842,10202.807221647701,0.005584566997114044,0.0054565875164998
2025-12-12,9991.412282995883,-0.0013528067161027424,-1.7988911580615656,-0.03414357386247502,10611.439604153717,10261.26920520017,0.006832167970724213,0.005729990019651465
2025-12-15,9988.570029239387,-0.0002844696701520366,-1.1993357408598122,-0.03441833072143255,10594.861618627408,10253.528647756924,-0.0015622748792555818,-0.0007543469807149705
2025-12-16,9941.365508363346,-0.004725853724593318,-2.1343627666888287,-0.03898152844959168,10495.378772805443,10187.659273895693,-0.009389725831535217,-0.006424068837574293
2025-12-17,9934.702837569583,-0.0006701967439138538,-1.6171140329398395,-0.0396255999000659,10477.339515369516,10171.290995715755,-0.0017187809822230924,-0.001606677033445636
2025-12-18,9882.311827102294,-0.005273535738700102,-1.6197556733586072,-0.04469016862152559,10469.446833569551,10170.109137243307,-0.000753309729859067,-0.00011619552256891819
2025-12-19,9908.273880904879,0.002627123516926819,-1.704708018935238,-0.04218045169755975,10506.42114900066,10229.53676687841,0.0035316398295803875,0.005843362036054733
2025-12-22,9962.071339248521,0.005429548980001639,-1.0832588129112226,-0.036979923546048704,10586.76283487316,10310.691048653165,0.007646912752982719,0.00793332910611566
2025-12-23,9971.859844995884,0.0009825773590676713,-1.5131860418130432,-0.03603368182259745,10584.672184654191,10312.562324567873,-0.0001974777608205481,0.00018148889399149937
2025-12-24,9920.030569902256,-0.005197553505491465,-2.7880348831250634,-0.0410439483388161,10563.028380149812,10298.753970305796,-0.002044825208262818,-0.0013389838361685946
2025-12-26,9921.102767908907,0.00010808414340014662,-2.7495852293187326,-0.04094030039541384,10532.277956408876,10259.43794011916,-0.002911137093858844,-0.0038175521330050532
2025-12-29,9917.340723493291,-0.000379196194578946,-3.475272761191893,-0.04130397218387788,10482.377475865842,10219.963405475934,-0.0047378620987371094,-0.003847631310177624
2025-12-30,9921.709334271305,0.00044050223742588516,-4.012198330958835,-0.040881664438613546,10496.685005135998,10218.68305879745,0.0013649126167319722,-0.00012527898855285713
2025-12-31,10022.22716308767,0.010131099937503425,-2.0610781890720284,-0.031164740729149074,10587.334350574289,10293.82956000393,0.008635997497680212,0.0073538342244390265
2026-01-01,10026.913820303847,0.000467626320967694,-3.284781211526216,-0.03071168786123244,10609.720893624031,10300.507522036723,0.0021144645392755213,0.0006487344669803274
2026-01-02,10151.80452387199,0.012455547719503503,-1.352628655692802,-0.01863867103543104,10672.075806180077,10372.206936031898,0.0058771491899960795,0.006960765170238581
2026-01-05,10162.567889165775,0.0010602415825161405,-0.8420344111029057,-0.017598190946989514,10654.545023853389,10341.380127542214,-0.0016426778299810263,-0.0029720587604740167
2026-01-06,10292.003440500284,0.01273650053275396,0.863462327636978,-0.005085829782607302,10660.014202436261,10313.172489781837,0.000513318829722785,-0.0027276473171363724
2026-01-07,10312.6189850843,0.0020030642919234157,1.3167063246673103,-0.0030929527347164005,10663.320064141528,10298.222287881013,0.0003101179456693748,-0.001449622016468255
2026-01-08,10210.605255609877,-0.009892126299048903,-0.6920672810796024,-0.012954483154676545,10544.722458148372,10194.25798370019,-0.011122015027193493,-0.010095364158449915
2026-01-09,10119.568845982754,-0.00891586809480327,-1.6774368061229057,-0.021754850786436422,10463.158516660309,10118.008876249558,-0.007735048675940744,-0.007479613285493514
2026-01-12,10192.176926147185,0.0071750171642200305,-1.148772322757099,-0.014735925050014234,10518.176627860525,10160.141823016682,0.005258269872583169,0.004164153963733375
2026-01-13,10266.210235034117,0.007263738593175801,-0.25931710225185267,-0.0075792243643303305,10507.390573592931,10137.312564632874,-0.001025468068203285,-0.002246942885392733
2026-01-14,10241.44186704229,-0.002412610634769956,-0.10316904193729749,-0.009973549281795606,10500.53719869358,10111.035449598648,-0.0006522432807033008,-0.00259211846006413
2026-01-15,10241.44186704229,0.0,0.39042780421716516,-0.009973549281795606,10500.53719869358,10111.035449598648,0.0,0.0
2026-01-16,10207.460333287361,-0.003318041951132221,-0.09376084858334084,-0.013258498578009087,10499.703558400233,10122.36159329294,-7.93902519053986e-05,0.0011201764399650926
2026-01-19,10161.954775080281,-0.004458068581337817,-0.0004958072164261021,-0.017657459863400487,10480.898487056436,10079.47998227211,-0.0017910097403419148,-0.004236324757381116
2026-01-20,10029.256253051948,-0.013058365734291966,-0.4003604236654866,-0.030485248028857676,10289.032102478255,9940.414635347404,-0.01830629166145715,-0.013796877137441155
2026-01-21,9990.618600949201,-0.0038524942555925113,-0.6539429880061838,-0.03422029804153867,10287.754712162676,9910.868173536206,-0.00012415067839780642,-0.0029723570791637677
2026-01-22,10042.543924830617,0.00519740828425621,-0.05879074243598152,-0.02920074661781326,10368.1725424188,9963.027681341395,0.00781684949788438,0.00526285960946038
2026-01-23,10022.467240002006,-0.0019991632577250904,-0.47324231122473454,-0.031141532815801867,10190.113352691282,9867.986562515374,-0.017173632961742777,-0.009539381186706164
2026-01-27,10112.444382093123,0.008977544145217464,0.4099364749796749,-0.02244356315618784,10249.000790600448,9917.9200829763,0.005778879573858192,0.005060152863462841
2026-01-28,10225.046240399999,0.011134979244609763,1.3081381223235347,-0.011558492521497297,10361.182272331751,9983.847934209865,0.010945601822392776,0.006647346488174222
2026-01-29,10268.10193656435,0.004210806988259241,2.0429306148045185,-0.007396356114321422,10399.247968333739,10013.847595656654,0.0036738757220435196,0.0030048195489833507
2026-01-30,10226.635858359636,-0.004038339165396511,1.7541452400617343,-0.011404826285140359,10386.192700716854,9975.141730683987,-0.0012554049731902258,-0.003865234077404689
2026-02-02,10090.3005798271,-0.013331390735017762,1.042258619333334,-0.024584174824685865,10249.921419598682,9883.64618727531,-0.013120426805557613,-0.00917235522852089
2026-02-03,10336.622984183005,0.024411800461956543,2.2866743900893005,-0.0007725183330714533,10579.322556422332,10135.441288718162,0.0321369426495124,0.025475932330218942
2026-02-04,10468.956295939179,0.012802373846726204,2.685401977080586,0.0,10619.294002701508,10154.527995272552,0.0037782614213714865,0.0018831648283172964
2026-02-05,10455.191854156506,-0.001314786440364672,2.5367291650432766,-0.0013147864403646535,10560.059492689063,10102.05378687151,-0.005578008292959735,-0.00516756745616076
2026-02-06,10511.207002450226,0.005357639446037562,3.223074765128925,0.0,10626.756297942064,10122.105370069421,0.006315949763273232,0.0019849016468285186
2026-02-09,10592.071447510982,0.007693164547316637,3.6758182687263536,0.0,10695.56224625543,10190.496195893029,0.006474783686033355,0.006756581098813275
2026-02-10,10660.552310633542,0.006465294674598361,4.0940478345058615,0.0,10727.35719528067,10217.225741123737,0.0029727234803734815,0.0026229876069705504
2026-02-11,10704.510212737941,0.004123416950972671,4.325426582435731,0.0,10718.233195930265,10224.592351159685,-0.0008505356150927902,0.0007209990483325601
2026-02-12,10718.681017098808,0.0013238162306578897,3.8298166058971876,0.0,10650.401394729439,10166.819015610366,-0.006328636442299245,-0.00565042923620962
2026-02-13,10507.97528895965,-0.019657803772967247,2.3061156655243296,-0.019657803772967285,10488.475396761103,10034.411625301605,-0.015203746034254326,-0.01302348257655217
2026-02-16,10590.092672363764,0.007814767464326898,2.0747642862424667,-0.011996657473985352,10569.593869364737,10117.791894420629,0.007734057576059541,0.008309432803093486
2026-02-17,10615.498690379383,0.0023990364203253485,2.15212324058351,-0.00962640147186247,10616.260862345664,10134.59413625842,0.004415211554739761,0.00166066292063749
2026-02-18,10634.322615111445,0.0017732492161786377,1.5588809696067782,-0.0078702222645484,10638.697582821735,10171.605696311603,0.0021134296497601728,0.003652002197183979
2026-02-19,10579.712510945663,-0.005135268708904998,1.124160840412961,-0.012965075267326086,10482.075610984339,10027.812915497105,-0.014721912209469433,-0.014136684522350174
2026-02-20,10683.973457566144,0.009854799599952809,2.3169815793571154,-0.003238043885931135,10545.335864467004,10073.866154527981,0.006035088452937217,0.004592550680687868
2026-02-23,10742.350681009279,0.005463999295299003,3.2499903311769502,0.0,10593.404857277257,10129.708967351145,0.004558317859957769,0.00554333479982394
2026-02-24,10745.550551493,0.0002978743273927896,2.845781557466272,0.0,10484.41993141818,10016.112824395514,-0.010287997799329752,-0.011214156627970318
2026-02-25,10805.96127523488,0.005621929137310417,2.754628936509859,0.0,10511.106351825823,10038.90284138473,0.002545340665693214,0.002275335490801167
2026-02-26,10846.170819259916,0.0037210520194245382,3.144203802129582,0.0,10517.688276883928,10044.43818633967,0.0006261876569218063,0.0005513894339252978
2026-02-27,10709.73232799751,-0.012579415679138001,2.2593020983229146,-0.012579415679138001,10380.812979621649,9919.200429654784,-0.013013819544652742,-0.012468368500212268
2026-03-02,10675.12640422348,-0.0032312594483395515,2.264847400226555,-0.015770027771709726,10259.780284858236,9795.91243167379,-0.011659269365608453,-0.012429227421638323
2026-03-04,10513.735919180248,-0.015118367589481664,1.5557914118732064,-0.030649978284442467,10091.455769111113,9644.162111587122,-0.01640624955639068,-0.015491187895474101
2026-03-05,10585.436656569673,0.006819720215591826,2.7786807634751063,-0.02403928234536461,10205.269045389958,9756.596401487157,0.011278182145653898,0.011658274570576665
2026-03-06,10488.428628683147,-0.00916429156716178,2.42327996799832,-0.032983270920048186,10097.0121853812,9632.323521445793,-0.010607937872804995,-0.012737318930444053
2026-03-09,10287.826342650103,-0.019126057213608355,0.9506448133551975,-0.05147848820694783,9908.079499072554,9465.918464076412,-0.018711741933142408,-0.017275692308183932
2026-03-10,10367.959666721079,0.007789140426949611,1.4630512200292707,-0.044090320953609076,9981.51126188321,9557.925684493019,0.007411301334181947,0.009719840791548862
2026-03-11,10286.58223811496,-0.007848933755724857,0.5706767381206185,-0.0515931927009003,9815.699458171837,9402.412807160079,-0.01661189366629919,-0.01627056774308744
2026-03-12,10241.570504378667,-0.004375771533669357,-0.2534289134169239,-0.05574320421061782,9740.904046692045,9312.710056876926,-0.0076199777507982335,-0.009540396930332928
2026-03-13,10096.654331817612,-0.014149799827975476,-1.2032454929223726,-0.06910424885724309,9528.579311312373,9120.441073275211,-0.0217972309717779,-0.02064586811222946
2026-03-16,10144.77412547566,0.004765914735380096,-0.742585160529263,-0.06466767907976918,9650.901167121103,9221.963177721955,0.012837365551809981,0.011131271353117311
2026-03-17,10194.813843974052,0.004932561127480546,0.2133300737833154,-0.06005409523232171,9715.104454770082,9289.860793076266,0.006652569178483371,0.007362598835607637
2026-03-18,10178.527860824523,-0.0015974772466450307,-1.32346592966841,-0.06155563742826532,9808.416772696213,9367.33176983305,0.009604870267793683,0.008339304375208911
2026-03-19,9967.732170907382,-0.02070984063701963,-3.201415772008103,-0.08099067062383543,9501.648425604371,9061.762107893817,-0.031276031004901464,-0.03262077926216955
2026-03-20,9999.304641842851,0.0031674678245889477,-2.9298916040139464,-0.07807973814253936,9565.604122410656,9106.02255379917,0.006731010656418361,0.004884308965338757
2026-03-23,9770.68733445052,-0.02286332055887823,-4.230448904338765,-0.09915789661911138,9315.985884353035,8868.92220047273,-0.02609539709810968,-0.026037751600726855
2026-03-24,9891.165942531414,0.012330617484411534,-3.905463059598057,-0.08804995722846894,9480.082228614705,9026.404841926418,0.01761449043598095,0.017756683156527453
2026-03-25,10083.592839874027,0.019454420081578903,-3.032934382503652,-0.07030849800297762,9668.618257938431,9181.641490618986,0.019887594303206305,0.01719805962740728
2026-03-27,9982.490394597404,-0.010026430745679162,-3.7147696097908853,-0.07962998546259728,9498.307163431506,8989.845712069717,-0.01761483285029801,-0.02088905112938999
2026-03-30,9825.430596500288,-0.015733528597444542,-4.447584361724716,-0.09411065340655203,9282.025075789254,8797.51825109567,-0.022770593108942482,-0.02139385559374285
2026-04-01,9903.91939651947,0.007988331834244402,-3.2112685141475854,-0.08687410870085675,9462.972997027671,8934.613833899628,0.019494444343873946,0.015583438293735208
2026-04-02,9880.140974199689,-0.0024009103232541314,-3.769940264269822,-0.08906644207970757,9477.559934274423,8947.889736297817,0.0015414750999854098,0.0014858954897207788
2026-04-06,9981.752092864219,0.010284379436474585,-3.30849371810753,-0.07969805572863745,9590.54608664317,9048.406953267335,0.01192143897293078,0.01123362266767347
2026-04-07,10066.529303846239,0.008493219446175763,-2.9386179302931974,-0.07188172935919855,9657.90573737756,9109.62737602796,0.007023546951951248,0.0067658785769486585
2026-04-08,10337.981911911413,0.026965858824993257,-1.2539091906539013,-0.046854223100201875,10052.463548601183,9453.823650711567,0.04085335081462046,0.03778379295615997
2026-04-09,10273.081038302707,-0.006277905510158409,-1.9792326051058908,-0.05283798222498532,10003.130272495917,9366.267635544384,-0.0049075807006662255,-0.009261439434677166
2026-04-10,10331.038384131714,0.005641671238931732,-1.9708210422222916,-0.04749440551069548,10095.122521043733,9474.801638597517,0.009196346147840572,0.011587753764504383
2026-04-13,10324.201161310553,-0.0006618137080646597,-2.0136581606431183,-0.048124786770136825,10029.145572821144,9392.879456591314,-0.006535527239521734,-0.008646321593950623
2026-04-15,10451.805528855793,0.012359732782370847,-1.688840198944929,-0.03635986349245358,10214.16994939106,9545.989375584764,0.018448667957451183,0.016300637062472756
2026-04-16,10366.198065907594,-0.008190686548065738,-2.20006625317444,-0.04425273779572218,10245.711773659988,9532.377997734762,0.0030880457663433657,-0.0014258739785333319
2026-04-17,10473.939915165063,0.01039357424703385,-1.2054183689771762,-0.03431910766460283,10320.876413396287,9594.150108337017,0.007336204784672271,0.006480241406387144
2026-04-20,10492.811536489955,0.0018017691029110297,-0.9875511576396655,-0.03257917366952128,10328.399984827194,9598.601313586438,0.0007289663328534764,0.00046394992773279853
2026-04-21,10594.684307987247,0.009708815520322652,0.08940026774508679,-0.023186663336160648,10409.010361725224,9682.020824100055,0.007804730356729828,0.008690798564113589
2026-04-22,10610.441992735972,0.001487319894642254,-0.1458947590772675,-0.021733829427188496,10351.258604709232,9603.821188506416,-0.005548246664096827,-0.00807678861823835
2026-04-23,10575.845381275458,-0.0032606192545230044,0.1161754860875981,-0.024923582939006806,10278.062285110434,9523.041623578067,-0.007071248279460281,-0.008411190019346093
2026-04-24,10451.30816193478,-0.011775627843535825,0.4574780891403431,-0.03640571994532538,10144.51548306762,9414.664586103305,-0.012993383221298503,-0.011380506539678703
2026-04-27,10593.234027152384,0.01357972255899216,0.7129503657930467,-0.023320376962751087,10263.224111619955,9491.38689860638,0.011701754386444047,0.008149234824183171
2026-04-28,10594.965876375121,0.0001634863553751087,1.0862807701983868,-0.023160703170811387,10253.401921716411,9453.173474663898,-0.0009570277133890256,-0.004026115924964935
2026-04-29,10614.135063547821,0.0018092731393727444,1.3744321462443467,-0.02139333406957438,10324.72532883523,9524.85365268133,0.006956072498021943,0.007582657634449097
2026-04-30,10515.034965611265,-0.009336615498411529,1.6220905521941118,-0.03053020823354936,10254.487730427762,9453.90290293986,-0.00680285394240033,-0.007449012061355398
2026-05-01,10515.034965611265,0.0,1.4015321892013968,-0.03053020823354936,10254.487730427762,9453.90290293986,0.0,0.0
2026-05-04,10551.850515724098,0.0035012294522305904,1.3361753511534555,-0.027135872045568867,10333.626485152501,9501.86665928004,0.0077174751977043135,0.005073434414612388
2026-05-05,10504.74725385724,-0.004463981156353988,1.1981809864068746,-0.031478719180450206,10323.707798142203,9467.789739991125,-0.0009598457061081061,-0.0035863394542201554
2026-05-06,10564.233560876008,0.00566280231034812,2.6006105878683465,-0.02599417463380375,10421.737791226986,9585.246158959953,0.009495618725514871,0.01240589643353629
2026-05-07,10532.978528825482,-0.0029585707160315455,2.2869351252557215,-0.028875839745976333,10423.036542889839,9583.552623479578,0.00012461949138130923,-0.00017668148029703623
2026-05-08,10484.869937208992,-0.0045674252050197945,3.523962985808257,-0.03331137671272439,10377.593517643749,9524.262723445107,-0.0043598643311952194,-0.006186630612244115
2026-05-11,10374.854912341523,-0.010492741018850796,2.250997657527537,-0.04345459008274726,10242.634074263264,9382.321213128467,-0.013004888190217756,-0.014903149402549887
2026-05-12,10302.409956167157,-0.0069827440274068085,0.8564989799889962,-0.05013390183079032,10024.607665687508,9210.440057615591,-0.021286165940809225,-0.018319683541890175
2026-05-13,10299.243013682946,-0.0003073982201918662,1.4473555394057946,-0.05042588897878804,10053.779602856319,9223.459736790259,0.002910032805439536,0.0014135784059419176
2026-05-14,10414.184160013676,0.011160154797593014,3.1642522517346428,-0.03982849490800461,10194.87447842756,9332.584669079615,0.01403401319153205,0.011831236369372666
2026-05-15,10433.267343356909,0.0018324223050045058,2.8111003406081707,-0.03806905522544429,10169.470423681885,9314.423597774154,-0.00249184576028178,-0.0019459851637491088
2026-05-18,10406.28725851339,-0.002585966980008341,2.7986087918293796,-0.04055657688567947,10170.947142504854,9316.964285714274,0.00014521098557186457,0.0002727692071817778
2026-05-19,10340.770113222981,-0.006295919347873836,1.7800764836471352,-0.04659715529645527,10178.318555610289,9304.377800758348,0.0007247518841808822,-0.0013509212410769411
2026-05-20,10334.52584333931,-0.0006038495987534577,1.2305772559250947,-0.04717286722167984,10186.321581128557,9320.52986654847,0.0007862816902952691,0.0017359640951817301
2026-05-21,10302.898077413212,-0.0030603983584291308,-0.8081184345751512,-0.05008889781470133,10159.921609766081,9318.835561628985,-0.002591708022588476,-0.00018178203854768427
2026-05-22,10290.359424986524,-0.0012170024717780134,-0.42299330776953115,-0.051244941974030137,10173.027497864505,9344.285529620318,0.00128995956876548,0.002731024474358801
2026-05-25,10362.63947592448,0.007024055035672485,-0.3126273247182383,-0.0445808342310831,10331.98217125508,9467.355776333274,0.015625109970846374,0.01317064277657587
2026-05-26,10346.04029451993,-0.0016018294801353654,-0.3854843148083751,-0.046111252816698124,10335.662119956158,9420.869343083656,0.0003561706398713903,-0.004910181295375682
2026-05-27,10261.80246982125,-0.008142035242535862,-2.055879217055607,-0.053877848613723064,10337.780237687983,9418.289413748944,0.00020493295032707442,-0.00027385257567613674
2026-05-28,10261.80246982125,0.0,-1.429058654364036,-0.053877848613723064,10337.780237687983,9418.289413748944,0.0,0.0
2026-05-29,10058.131417564291,-0.01984749295807741,-3.5905036892826443,-0.07265600135084332,10179.988747874362,9276.70261486186,-0.015263575563191654,-0.015033175629577955
2026-06-01,9936.74302215186,-0.012068682578600165,-4.48492910980087,-0.08384782171170986,10075.998175310386,9211.641152065782,-0.010215195236408285,-0.007013425513053284
2026-06-02,9923.217512095214,-0.0013611613006891976,-5.547849062521022,-0.085094852602338,10146.15645216038,9251.411151327118,0.0069629108331823565,0.00431736306319519
2026-06-03,9974.20349018121,0.005138049027328995,-5.194728779405837,-0.0803940250996532,10073.625900496345,9220.702067021215,-0.007148574142929818,-0.0033193946094914883
2026-06-04,10010.962930498257,0.0036854512095360896,-4.6224278217892145,-0.07700486214716004,10066.942194956759,9225.016312109114,-0.0006634855816174173,0.00046788683297016576
2026-06-05,10026.822731333787,0.001584243288646382,-3.747017272469923,-0.07554261329456347,10078.44468595191,9205.377148273983,0.0011426002824287981,-0.0021289028843615165
2026-06-08,9983.5276472869,-0.004317926546321361,-5.615725639775726,-0.07953435238556177,9970.395240774098,9109.37115280444,-0.010720845184418133,-0.010429338627102713
2026-06-09,9975.050543027215,-0.0008491091084412922,-5.709685375116918,-0.08031592815095848,10007.868737364111,9156.2907802728,0.0037584765382985114,0.005150698844224255
2026-06-10,9973.102254936723,-0.0001953161121429998,-5.909189565077287,-0.08049555726827179,9963.724695778797,9145.594807209323,-0.0044109333109559465,-0.0011681556778996294
2026-06-11,9982.102835688474,0.0009024855578209606,-5.148378253154515,-0.07966571778835417,9917.008061518363,9124.577577928781,-0.004688671725366317,-0.0022980713363744965
2026-06-12,10104.889798249193,0.012300711040736238,-3.7609780841277938,-0.06834495172198528,10106.90464902771,9306.3083234845,0.019148576499218032,0.019916620139797336
2026-06-15,10090.778512230085,-0.0013964809414896391,-4.193928373345979,-0.06964599024094806,10214.98600843513,9397.31142586299,0.010693814096466862,0.009778646829145199
2026-06-16,10186.545900062456,0.0094905846676052,-2.941467672098234,-0.06081638674048381,10293.874258956539,9450.593545329184,0.007722795748938419,0.005669932287180934
2026-06-17,10209.078408471418,0.0022119871279256717,-3.2520060565281272,-0.05873892467719513,10336.50137842558,9488.629228837335,0.004141018084804248,0.004024687267071059
2026-06-18,10284.050126343058,0.007343632291963817,-2.381811501959587,-0.051826649449285986,10380.086239700035,9521.051854040468,0.004216597055307782,0.0034169978003351087
2026-06-19,10293.851467602653,0.0009530623770967923,-1.9660024208058002,-0.05092298110191037,10344.702887711317,9460.028407691918,-0.003408772448670902,-0.006409317718677587
2026-06-22,10313.53643873231,0.0019123037855764092,-1.0451943119406104,-0.049108057525868096,10379.41086159115,9495.40567907617,0.0033551445852603628,0.0037396580495980825
2026-06-23,10238.40134787544,-0.007285094817205533,-1.067666686555289,-0.05603539548770881,10260.562833995487,9385.5713239277,-0.011450363530309513,-0.011567105067506356
2026-06-24,10274.740840890527,0.003549332730800382,-0.7548723930368719,-0.05268495102019629,10307.90042980694,9463.39701211404,0.00461354767543678,0.008292056551520766
2026-06-25,10240.484504465921,-0.0033340341089941198,-2.0074244239010874,-0.0558433317054585,10296.523290226149,9476.929137735748,-0.0011037300620299834,0.0014299437722400388
2026-06-26,10240.484504465921,0.0,-2.165977584312821,-0.0558433317054585,10296.523290226149,9476.929137735748,0.0,0.0
2026-06-29,10240.743814895188,2.5322085996520817e-05,-1.9499821603626606,-0.055819423689109866,10241.02891291973,9433.69281528536,-0.005389622860281084,-0.004562271366810755
2026-06-30,10221.545152440998,-0.0018747332030965244,-1.6008793509787986,-0.05758951036523872,10240.78373321588,9401.97961294134,-2.394092487532375e-05,-0.0033616954637991636
2026-07-01,10296.714090408477,0.0073539701528909165,-0.8993836146166848,-0.05065905175269336,10331.198645626884,9457.172249716836,0.008828905557076317,0.0058703208311072785
2026-07-02,10374.733968326733,0.007577162698042984,-0.014408363345347603,-0.043465740931909164,10422.208509790591,9524.084983010773,0.008809226042926891,0.007075342557701703
2026-07-03,10408.764526766057,0.0032801379334850274,0.3515057101886385,-0.04032817662406193,10469.357176750673,9561.569748116402,0.004523865255218196,0.003935786500487426
2026-07-06,10509.726808527244,0.009699737322480962,0.5596136822312835,-0.03101961202152907,10483.308517333626,9624.405223568216,0.001332588080377479,0.006571669412775316
2026-07-07,10526.455452287815,0.0015917296486715874,0.8161907011945815,-0.029477257209002506,10511.051733692344,9611.93646279607,0.002646417999894628,-0.0012955357222089736
2026-07-08,10375.45339016131,-0.01434500557295235,0.30241345454157903,-0.04339941136301643,10309.610674814185,9408.401351750617,-0.019164691030152288,-0.02117524515827318
2026-07-09,10403.397025989978,0.0026932447940218526,0.5058289220852036,-0.040823051807711785,10350.006030102535,9440.213042300673,0.003918223157255804,0.0033812004144717633
2026-07-10,10472.881929878502,0.006679059129910726,2.9659017382799835,-0.03441665225468825,10459.276948241695,9536.376772787697,0.010557570480766217,0.01018660596494203
2026-07-13,10490.237409785097,0.0016571828101186485,4.638687761262009,-0.032816504129068017,10489.83375885555,9537.991825478886,0.002921503156008273,0.0001693570555851842
2026-07-14,10455.821542694734,-0.003280751974045883,4.407311137782009,-0.0359895932924112,10432.568864907264,9475.373331855997,-0.005459084983109721,-0.006565165369047166
2026-07-15,10462.514348553685,0.0006401032985903622,3.9925524225235307,-0.03537252705120234,10426.394582741745,9485.793076279102,-0.0005918275973511098,0.0010996658451518648
2026-07-16,10455.563852305893,-0.0006643237004259265,3.563432247823854,-0.036013351943564205,10430.664493394026,9483.527847540243,0.00040952897172602727,-0.00023880225097083763
2026-07-17,10535.03101693962,0.007600466675568131,4.068533331617625,-0.028686603549318578,10528.777313780207,9586.566516472138,0.009406190799092138,0.010865014643113069
2026-07-20,10560.683180296057,0.002434939518943217,4.822369352609792,-0.026321514175021956,10533.751000788723,9548.825528142992,0.00047238979990633456,-0.003936861885253551
2026-07-21,10555.55058456688,-0.0004860098197770645,4.863567805568913,-0.02679473148043854,10553.420158943083,9528.812416900562,0.0018672511010453148,-0.002095871495760848
2026-07-22,10515.91854550915,-0.0037546159947047745,4.440680024895771,-0.030448743547752906,10473.038411981304,9453.390456492822,-0.007616653724685049,-0.0079151479856997
2026-07-23,10496.95355913788,-0.0018034550466701296,4.149539694157926,-0.03219728565420707,10423.405309952825,9403.496177426488,-0.004739131097972323,-0.0052779242850445884
2026-07-24,10437.5818584409,-0.005656088727314152,2.5200219258407612,-0.03767126367708232,10390.181265240806,9363.253742551815,-0.0031874463022458508,-0.004279518395644999
2026-07-27,10461.01523059968,0.002245095892572839,2.8955866118301374,-0.0355107433838589,10498.859677307837,9453.271962869932,0.010459722433390474,0.009613989195766948
2026-07-28,10338.43917112811,-0.011717415257462071,0.7202977359086694,-0.04681206451499103,10509.665216924977,9449.096216821772,0.001029210785671695,-0.0004417249460887396
2026-07-29,10444.642989404252,0.010272712980962747,1.4225405057224771,-0.03702023843683699,10602.174183341876,9553.434468409892,0.008802275287315494,0.011042140877174367
2026-07-30,10483.377477857814,0.003708550736761071,1.1105595486432067,-0.03344897913260585,10615.711078295457,9579.810071650156,0.0012768036743679104,0.0027608503860552247
2026-07-31,10485.00662278994,0.00015540267776953474,1.0362558624082816,-0.033298774515762256,10672.874777229792,9605.987929039235,0.005384820528057864,0.0027326071386892803
2026-08-03,10594.479712252576,0.010440917531199998,1.746012379791934,-0.023205526743171407,10841.425675313089,9759.905759097834,0.015792455322617645,0.01602311299947612
2026-08-04,10500.928029238177,-0.008830229096215596,1.5876637973362735,-0.03183084572194648,10756.242889627374,9697.109525040614,-0.007857157189176877,-0.006434102501316152
2026-08-05,10471.87675989505,-0.002766543039075903,1.0320313218543178,-0.0345093273563624,10755.337108249387,9700.95056507607,-8.420982933189804e-05,0.00039610154196334513
2026-08-06,10496.832406369014,0.0023831111696748647,1.5420426607054694,-0.03220845575016858,10750.490647324477,9705.421775742343,-0.00045060985779736995,0.0004609043862535689
2026-08-07,10458.88929727015,-0.0036147199107267837,1.2131357184315579,-0.03570675111460141,10738.952841145116,9679.677112572006,-0.001073235311565331,-0.0026526063230638552
2026-08-10,10477.690093323461,0.0017975901186960692,1.3673715244059355,-0.03397334709887949,10744.386039834031,9684.857746097392,0.0005059337506445145,0.0005352072662276885
2026-08-11,10448.912213936865,-0.0027465862351600642,1.2881052356970948,-0.0366266226065356,10713.187619265918,9640.695018958968,-0.002903695050833624,-0.00455997685213505
2026-08-12,10460.908942636019,0.0011481318297565718,0.7643478644381522,-0.03552054296801009,10693.21054797632,9626.61120549563,-0.001864717766509848,-0.0014608711753293369
2026-08-13,10448.258615299072,-0.0012092952348898886,-0.016847377967949707,-0.0366868833795481,10689.607753869086,9610.813851135064,-0.00033692351712980674,-0.0016410088683697088
2026-08-14,10400.835292518508,-0.00453887336891927,-0.72449055272022,-0.04105923963050727,10686.923826889482,9599.054513222029,-0.00025107815379207896,-0.001223552770366676
2026-08-17,10351.191125006026,-0.004773094286782311,-2.120256075523084,-0.04563635429518956,10633.142319110755,9568.188463337754,-0.0050324591669126855,-0.003215530221415075
2026-08-18,10313.729143051783,-0.003619098662350281,-2.6053250415287006,-0.04909029048875554,10587.376772924477,9515.891225931933,-0.004304047177476776,-0.00546574073098649
2026-08-19,10299.330824822593,-0.0013960341627637359,-1.5599296164517076,-0.05041779292893694,10577.480739818968,9485.714593489918,-0.0009347011368119862,-0.003171182995427735
2026-08-20,10335.64962338534,0.003526326047825744,-1.4661580955536748,-0.04706925645759037,10649.196436718716,9546.205587974579,0.006780035687493391,0.006377062464663963
2026-08-21,10332.489158691003,-0.00030578287862875617,-2.280455922141837,-0.04736064636348453,10647.26397864101,9554.143891269008,-0.0001814651545954337,0.000831566345525836
2026-08-24,10339.131559089708,0.0006428654602671025,-2.396915898342763,-0.04674822742694047,10625.174696200209,9541.163453488933,-0.0020746440104345873,-0.0013586186190829297
2026-08-25,10352.418510842532,0.001285112939794358,-1.9050327253930237,-0.04552319123912494,10682.88847596445,9586.665004678178,0.005431795844719678,0.004768973030496282
2026-08-26,10315.647689638958,-0.003551906365170757,-2.3500491587412267,-0.04891340349157058,10638.712833606247,9536.711478800402,-0.0041351777150526355,-0.00521073030646213
2026-08-27,10301.107419195416,-0.0014095353855625853,-2.4298872835809817,-0.05025399370408336,10631.036848798443,9490.658239769526,-0.0007215144282827707,-0.00482904816122931
2026-08-28,10309.20946413453,0.0007865217407612515,-3.336810904814766,-0.04950699782193052,10662.934562132798,9524.065747033032,0.0030004329575774777,0.0035200411203846205
2026-08-31,10333.016684318753,0.0023093157886691796,-3.3533278344083453,-0.04731200932498128,10534.637129316507,9486.54174053281,-0.012032094173391256,-0.003939914685270995
2026-09-01,10291.949387531113,-0.003974376316450166,-3.723158656087135,-0.051098349912086505,10551.812053533604,9476.85065494656,0.0016303289810809757,-0.0010215614763854353
2026-09-02,10265.789721337725,-0.0025417600892090036,-3.601407015505029,-0.05351023025486457,10527.552904670567,9421.164807701767,-0.002299050508098628,-0.005875986577431824
2026-09-03,10241.460408463781,-0.0023699406995816175,-3.6618989990903916,-0.055753354881921235,10510.385371485994,9405.012741911645,-0.0016307240001573711,-0.0017144446700387839
2026-09-04,10233.105212936984,-0.0008158207124339583,-3.1714326513381503,-0.056523690852654816,10516.528538988132,9414.566097897266,0.0005844854669939632,0.0010157727849795517
2026-09-07,10206.031822167635,-0.002645667195439307,-3.757652910907392,-0.059019815173440224,10460.737836597616,9367.86345225783,-0.005305049302503483,-0.004960679563327464
2026-09-08,10171.917753614,-0.003342539896803032,-3.093283030571922,-0.0621650789833241,10431.614673570122,9311.114240163479,-0.0027840448238368124,-0.00605786072604142
2026-09-09,10088.530171688419,-0.00819782306005711,-5.9494019833289595,-0.06985328372536136,10379.54719775197,9230.905599054502,-0.004991315098138318,-0.008614290302979777
2026-09-10,10120.9628857297,0.0032148106304221535,-6.052879412102908,-0.06686303817402932,10383.07706195248,9249.145922588259,0.0003400788235996085,0.0019760058574995742
2026-09-11,10053.0095950069,-0.006714113221243943,-6.799367084017457,-0.07312822538665652,10324.684060641937,9217.747420840093,-0.005623862845486843,-0.0033947460674703667
2026-09-15,10014.295549025888,-0.0038509906526142178,-10.673155851495435,-0.0766975999268644,10284.341753384622,9194.20873959717,-0.003907364818173947,-0.0025536261917639136
